timestamp,symbol,bid_price,ask_price,bid_size,ask_size
2026-08-31 13:30:00+00:00,AAPL,319.25,319.47,40,80
2026-08-31 13:30:00+00:00,AMZN,263.05,263.77,100,100
2026-08-31 13:30:00+00:00,GOOGL,342.12,342.61,40,120
2026-08-31 13:30:00+00:00,JPM,346.78,357.66,120,40
2026-08-31 13:30:00+00:00,META,574.25,575.56,40,80
2026-08-31 13:30:00+00:00,MSFT,508.78,511.19,40,40
2026-08-31 13:30:00+00:00,NVDA,218.63,218.69,100,100
2026-08-31 13:30:00+00:00,TSLA,349.0,356.0,240,120
2026-08-31 13:30:00+00:00,UNH,372.61,413.18,40,40
2026-08-31 13:30:00+00:00,XOM,151.05,167.84,100,100
2026-08-31 13:31:00+00:00,AAPL,312.45,319.49,40,40
2026-08-31 13:31:00+00:00,AMZN,263.25,263.72,100,100
2026-08-31 13:31:00+00:00,GOOGL,341.81,342.4,40,40
2026-08-31 13:31:00+00:00,JPM,346.78,375.53,120,40
2026-08-31 13:31:00+00:00,META,572.02,578.55,80,80
2026-08-31 13:31:00+00:00,MSFT,508.0,511.19,120,40
2026-08-31 13:31:00+00:00,NVDA,218.16,218.89,100,100
2026-08-31 13:31:00+00:00,TSLA,349.0,356.0,480,120
2026-08-31 13:31:00+00:00,UNH,372.61,413.18,40,40
2026-08-31 13:31:00+00:00,XOM,151.05,167.84,100,100
2026-08-31 13:32:00+00:00,AAPL,319.3,322.96,80,40
2026-08-31 13:32:00+00:00,AMZN,262.6,263.23,100,100
2026-08-31 13:32:00+00:00,GOOGL,341.0,345.5,40,40
2026-08-31 13:32:00+00:00,JPM,346.78,375.53,120,40
2026-08-31 13:32:00+00:00,META,572.02,578.55,80,80
2026-08-31 13:32:00+00:00,MSFT,484.75,508.88,80,40
2026-08-31 13:32:00+00:00,NVDA,217.47,217.51,100,100
2026-08-31 13:32:00+00:00,TSLA,349.0,354.4,240,160
2026-08-31 13:32:00+00:00,UNH,372.61,413.18,40,40
2026-08-31 13:32:00+00:00,XOM,151.05,167.84,100,100
2026-08-31 13:33:00+00:00,AAPL,318.43,318.62,40,40
2026-08-31 13:33:00+00:00,AMZN,262.45,262.65,100,100
2026-08-31 13:33:00+00:00,GOOGL,341.0,341.6,40,160
2026-08-31 13:33:00+00:00,JPM,346.78,375.53,160,40
2026-08-31 13:33:00+00:00,META,572.47,578.55,80,80
2026-08-31 13:33:00+00:00,MSFT,484.75,511.19,80,40
2026-08-31 13:33:00+00:00,NVDA,217.7,217.75,100,200
2026-08-31 13:33:00+00:00,TSLA,349.0,353.8,240,40
2026-08-31 13:33:00+00:00,UNH,372.61,392.94,40,40
2026-08-31 13:33:00+00:00,XOM,159.63,167.84,200,100
2026-08-31 13:34:00+00:00,AAPL,312.45,319.39,40,40
2026-08-31 13:34:00+00:00,AMZN,261.8,262.08,100,100
2026-08-31 13:34:00+00:00,GOOGL,341.0,345.5,80,40
2026-08-31 13:34:00+00:00,JPM,354.0,375.53,120,40
2026-08-31 13:34:00+00:00,META,571.88,578.55,80,80
2026-08-31 13:34:00+00:00,MSFT,484.75,511.13,80,40
2026-08-31 13:34:00+00:00,NVDA,217.14,217.18,100,100
2026-08-31 13:34:00+00:00,TSLA,349.0,353.8,240,40
2026-08-31 13:34:00+00:00,UNH,372.61,413.18,40,40
2026-08-31 13:34:00+00:00,XOM,159.97,167.84,100,100
2026-08-31 13:35:00+00:00,AAPL,317.36,317.87,80,40
2026-08-31 13:35:00+00:00,AMZN,262.1,262.42,100,100
2026-08-31 13:35:00+00:00,GOOGL,341.0,345.5,80,40
2026-08-31 13:35:00+00:00,JPM,354.0,375.53,120,40
2026-08-31 13:35:00+00:00,META,571.27,573.5,80,40
2026-08-31 13:35:00+00:00,MSFT,508.78,510.0,80,40
2026-08-31 13:35:00+00:00,NVDA,216.42,216.52,100,100
2026-08-31 13:35:00+00:00,TSLA,351.0,353.8,240,40
2026-08-31 13:35:00+00:00,UNH,372.61,413.18,40,40
2026-08-31 13:35:00+00:00,XOM,158.01,167.84,500,100
2026-08-31 13:36:00+00:00,AAPL,314.18,317.75,40,40
2026-08-31 13:36:00+00:00,AMZN,261.89,262.21,100,100
2026-08-31 13:36:00+00:00,GOOGL,342.76,345.5,40,40
2026-08-31 13:36:00+00:00,JPM,355.29,375.53,40,40
2026-08-31 13:36:00+00:00,META,574.03,578.55,80,80
2026-08-31 13:36:00+00:00,MSFT,508.87,509.49,40,80
2026-08-31 13:36:00+00:00,NVDA,216.71,216.82,200,200
2026-08-31 13:36:00+00:00,TSLA,351.0,353.75,240,40
2026-08-31 13:36:00+00:00,UNH,372.61,413.18,40,40
2026-08-31 13:36:00+00:00,XOM,158.01,167.84,500,100
2026-08-31 13:37:00+00:00,AAPL,318.29,319.39,80,40
2026-08-31 13:37:00+00:00,AMZN,261.73,262.42,100,100
2026-08-31 13:37:00+00:00,GOOGL,341.61,345.5,40,40
2026-08-31 13:37:00+00:00,JPM,355.29,375.53,40,40
2026-08-31 13:37:00+00:00,META,571.27,578.55,80,80
2026-08-31 13:37:00+00:00,MSFT,508.67,509.78,40,40
2026-08-31 13:37:00+00:00,NVDA,216.93,217.24,100,100
2026-08-31 13:37:00+00:00,TSLA,351.0,353.75,240,40
2026-08-31 13:37:00+00:00,UNH,372.61,413.18,40,40
2026-08-31 13:37:00+00:00,XOM,158.01,167.84,500,100
2026-08-31 13:38:00+00:00,AAPL,317.82,318.22,40,80
2026-08-31 13:38:00+00:00,AMZN,261.46,261.71,100,100
2026-08-31 13:38:00+00:00,GOOGL,341.0,341.53,80,120
2026-08-31 13:38:00+00:00,JPM,355.37,356.33,40,40
2026-08-31 13:38:00+00:00,META,573.66,578.55,80,80
2026-08-31 13:38:00+00:00,MSFT,507.8,509.85,40,40
2026-08-31 13:38:00+00:00,NVDA,217.1,217.13,100,100
2026-08-31 13:38:00+00:00,TSLA,351.0,354.85,240,160
2026-08-31 13:38:00+00:00,UNH,372.61,413.18,40,40
2026-08-31 13:38:00+00:00,XOM,158.01,167.84,500,100
2026-08-31 13:39:00+00:00,AAPL,318.63,319.08,120,40
2026-08-31 13:39:00+00:00,AMZN,261.67,262.06,100,100
2026-08-31 13:39:00+00:00,GOOGL,341.33,341.86,40,120
2026-08-31 13:39:00+00:00,JPM,355.37,375.53,40,40
2026-08-31 13:39:00+00:00,META,573.66,578.55,80,80
2026-08-31 13:39:00+00:00,MSFT,507.8,510.49,40,40
2026-08-31 13:39:00+00:00,NVDA,216.81,216.84,100,100
2026-08-31 13:39:00+00:00,TSLA,351.0,354.85,240,160
2026-08-31 13:39:00+00:00,UNH,391.48,413.18,40,40
2026-08-31 13:39:00+00:00,XOM,158.01,167.84,500,100
2026-08-31 13:40:00+00:00,AAPL,314.23,317.98,80,80
2026-08-31 13:40:00+00:00,AMZN,261.61,261.77,100,100
2026-08-31 13:40:00+00:00,GOOGL,341.0,341.53,80,120
2026-08-31 13:40:00+00:00,JPM,355.37,375.53,40,40
2026-08-31 13:40:00+00:00,META,572.0,578.55,80,80
2026-08-31 13:40:00+00:00,MSFT,507.8,510.33,40,40
2026-08-31 13:40:00+00:00,NVDA,216.52,218.42,100,200
2026-08-31 13:40:00+00:00,TSLA,351.0,354.85,240,160
2026-08-31 13:40:00+00:00,UNH,372.61,413.18,40,40
2026-08-31 13:40:00+00:00,XOM,158.01,167.83,500,100
2026-08-31 13:41:00+00:00,AAPL,317.94,318.18,40,80
2026-08-31 13:41:00+00:00,AMZN,261.42,262.21,100,100
2026-08-31 13:41:00+00:00,GOOGL,340.0,341.23,80,40
2026-08-31 13:41:00+00:00,JPM,355.37,375.53,40,40
2026-08-31 13:41:00+00:00,META,571.03,578.55,80,80
2026-08-31 13:41:00+00:00,MSFT,509.45,509.72,40,40
2026-08-31 13:41:00+00:00,NVDA,218.34,218.37,100,100
2026-08-31 13:41:00+00:00,TSLA,351.0,354.15,240,40
2026-08-31 13:41:00+00:00,UNH,372.61,413.18,40,40
2026-08-31 13:41:00+00:00,XOM,158.01,167.83,500,100
2026-08-31 13:42:00+00:00,AAPL,317.76,319.39,80,40
2026-08-31 13:42:00+00:00,AMZN,261.12,261.74,100,100
2026-08-31 13:42:00+00:00,GOOGL,341.11,341.38,40,160
2026-08-31 13:42:00+00:00,JPM,355.37,375.53,40,40
2026-08-31 13:42:00+00:00,META,571.82,575.4,80,80
2026-08-31 13:42:00+00:00,MSFT,509.41,512.94,120,120
2026-08-31 13:42:00+00:00,NVDA,218.23,218.26,500,200
2026-08-31 13:42:00+00:00,TSLA,351.0,356.0,240,160
2026-08-31 13:42:00+00:00,UNH,372.61,413.18,40,40
2026-08-31 13:42:00+00:00,XOM,158.02,167.83,100,100
2026-08-31 13:43:00+00:00,AAPL,317.16,317.53,80,40
2026-08-31 13:43:00+00:00,AMZN,261.45,261.59,100,100
2026-08-31 13:43:00+00:00,GOOGL,340.0,341.54,80,40
2026-08-31 13:43:00+00:00,JPM,355.76,375.53,40,40
2026-08-31 13:43:00+00:00,META,570.0,571.63,120,80
2026-08-31 13:43:00+00:00,MSFT,508.11,510.27,40,40
2026-08-31 13:43:00+00:00,NVDA,217.98,218.08,100,100
2026-08-31 13:43:00+00:00,TSLA,351.0,356.0,240,160
2026-08-31 13:43:00+00:00,UNH,372.61,413.18,40,40
2026-08-31 13:43:00+00:00,XOM,158.02,161.01,100,100
2026-08-31 13:44:00+00:00,AAPL,317.35,319.37,40,40
2026-08-31 13:44:00+00:00,AMZN,261.38,261.5,100,100
2026-08-31 13:44:00+00:00,GOOGL,340.0,340.85,80,80
2026-08-31 13:44:00+00:00,JPM,355.5,375.53,40,40
2026-08-31 13:44:00+00:00,META,570.99,575.4,80,80
2026-08-31 13:44:00+00:00,MSFT,509.21,510.27,40,40
2026-08-31 13:44:00+00:00,NVDA,218.04,218.08,100,200
2026-08-31 13:44:00+00:00,TSLA,351.0,356.0,240,160
2026-08-31 13:44:00+00:00,UNH,372.61,413.18,40,40
2026-08-31 13:44:00+00:00,XOM,161.06,161.17,100,100
2026-08-31 13:45:00+00:00,AAPL,316.81,317.08,40,40
2026-08-31 13:45:00+00:00,AMZN,261.28,261.39,100,100
2026-08-31 13:45:00+00:00,GOOGL,340.0,345.5,80,80
2026-08-31 13:45:00+00:00,JPM,355.73,375.53,40,40
2026-08-31 13:45:00+00:00,META,570.99,572.14,80,80
2026-08-31 13:45:00+00:00,MSFT,508.11,510.27,40,40
2026-08-31 13:45:00+00:00,NVDA,218.11,218.14,100,200
2026-08-31 13:45:00+00:00,TSLA,351.0,358.0,240,240
2026-08-31 13:45:00+00:00,UNH,372.61,413.18,40,40
2026-08-31 13:45:00+00:00,XOM,158.02,161.54,100,200
2026-08-31 13:46:00+00:00,AAPL,316.67,317.08,40,40
2026-08-31 13:46:00+00:00,AMZN,261.67,262.21,100,100
2026-08-31 13:46:00+00:00,GOOGL,340.4,340.79,40,40
2026-08-31 13:46:00+00:00,JPM,355.67,375.53,80,40
2026-08-31 13:46:00+00:00,META,572.33,575.0,80,80
2026-08-31 13:46:00+00:00,MSFT,508.11,509.51,40,40
2026-08-31 13:46:00+00:00,NVDA,218.04,218.06,100,100
2026-08-31 13:46:00+00:00,TSLA,351.0,358.0,240,240
2026-08-31 13:46:00+00:00,UNH,391.01,413.18,40,40
2026-08-31 13:46:00+00:00,XOM,161.33,167.83,100,100
2026-08-31 13:47:00+00:00,AAPL,317.33,317.38,80,80
2026-08-31 13:47:00+00:00,AMZN,261.27,262.24,100,100
2026-08-31 13:47:00+00:00,GOOGL,340.3,340.71,40,40
2026-08-31 13:47:00+00:00,JPM,355.67,375.53,80,40
2026-08-31 13:47:00+00:00,META,573.04,574.78,80,80
2026-08-31 13:47:00+00:00,MSFT,508.91,512.94,40,120
2026-08-31 13:47:00+00:00,NVDA,218.29,218.42,200,200
2026-08-31 13:47:00+00:00,TSLA,357.18,359.1,40,120
2026-08-31 13:47:00+00:00,UNH,372.61,413.18,40,40
2026-08-31 13:47:00+00:00,XOM,161.22,161.35,100,100
2026-08-31 13:48:00+00:00,AAPL,317.13,317.21,80,120
2026-08-31 13:48:00+00:00,AMZN,261.66,261.73,100,100
2026-08-31 13:48:00+00:00,GOOGL,340.3,340.79,40,40
2026-08-31 13:48:00+00:00,JPM,355.54,375.53,40,40
2026-08-31 13:48:00+00:00,META,572.19,573.39,80,40
2026-08-31 13:48:00+00:00,MSFT,509.44,512.94,40,120
2026-08-31 13:48:00+00:00,NVDA,218.35,220.0,100,300
2026-08-31 13:48:00+00:00,TSLA,358.41,358.99,40,40
2026-08-31 13:48:00+00:00,UNH,372.61,391.48,40,120
2026-08-31 13:48:00+00:00,XOM,161.2,167.84,100,200
2026-08-31 13:49:00+00:00,AAPL,317.35,317.51,120,40
2026-08-31 13:49:00+00:00,AMZN,261.78,261.86,100,100
2026-08-31 13:49:00+00:00,GOOGL,340.3,341.17,40,40
2026-08-31 13:49:00+00:00,JPM,355.54,375.53,40,40
2026-08-31 13:49:00+00:00,META,572.19,573.45,80,40
2026-08-31 13:49:00+00:00,MSFT,510.35,512.94,40,120
2026-08-31 13:49:00+00:00,NVDA,217.85,219.97,100,100
2026-08-31 13:49:00+00:00,TSLA,343.0,368.0,160,40
2026-08-31 13:49:00+00:00,UNH,372.61,413.18,40,40
2026-08-31 13:49:00+00:00,XOM,158.07,167.8,100,100
2026-08-31 13:50:00+00:00,AAPL,317.23,317.36,80,80
2026-08-31 13:50:00+00:00,AMZN,262.0,262.42,100,100
2026-08-31 13:50:00+00:00,GOOGL,340.3,341.15,40,120
2026-08-31 13:50:00+00:00,JPM,355.54,375.53,40,40
2026-08-31 13:50:00+00:00,META,572.88,573.6,80,80
2026-08-31 13:50:00+00:00,MSFT,508.91,512.94,40,120
2026-08-31 13:50:00+00:00,NVDA,218.0,219.98,400,100
2026-08-31 13:50:00+00:00,TSLA,358.91,363.3,40,40
2026-08-31 13:50:00+00:00,UNH,372.61,413.18,40,40
2026-08-31 13:50:00+00:00,XOM,158.13,160.85,100,100
2026-08-31 13:51:00+00:00,AAPL,316.02,317.96,40,120
2026-08-31 13:51:00+00:00,AMZN,262.09,262.42,200,100
2026-08-31 13:51:00+00:00,GOOGL,340.3,341.53,40,120
2026-08-31 13:51:00+00:00,JPM,355.54,375.53,40,40
2026-08-31 13:51:00+00:00,META,574.16,574.7,80,40
2026-08-31 13:51:00+00:00,MSFT,508.91,510.08,40,40
2026-08-31 13:51:00+00:00,NVDA,218.64,219.98,100,100
2026-08-31 13:51:00+00:00,TSLA,343.0,360.16,160,40
2026-08-31 13:51:00+00:00,UNH,372.61,413.18,40,40
2026-08-31 13:51:00+00:00,XOM,158.03,160.96,100,100
2026-08-31 13:52:00+00:00,AAPL,317.73,317.87,40,40
2026-08-31 13:52:00+00:00,AMZN,262.05,262.42,100,100
2026-08-31 13:52:00+00:00,GOOGL,340.3,341.37,40,160
2026-08-31 13:52:00+00:00,JPM,355.54,375.53,40,40
2026-08-31 13:52:00+00:00,META,572.88,575.0,80,80
2026-08-31 13:52:00+00:00,MSFT,509.27,509.67,40,40
2026-08-31 13:52:00+00:00,NVDA,217.9,218.23,100,100
2026-08-31 13:52:00+00:00,TSLA,360.12,363.3,40,40
2026-08-31 13:52:00+00:00,UNH,390.24,413.18,40,40
2026-08-31 13:52:00+00:00,XOM,160.83,160.94,200,100
2026-08-31 13:53:00+00:00,AAPL,317.78,317.93,80,40
2026-08-31 13:53:00+00:00,AMZN,262.23,262.4,100,200
2026-08-31 13:53:00+00:00,GOOGL,341.03,341.45,40,80
2026-08-31 13:53:00+00:00,JPM,355.54,375.53,40,40
2026-08-31 13:53:00+00:00,META,573.96,575.0,80,80
2026-08-31 13:53:00+00:00,MSFT,509.09,512.94,40,120
2026-08-31 13:53:00+00:00,NVDA,218.31,218.62,100,100
2026-08-31 13:53:00+00:00,TSLA,343.0,359.92,160,120
2026-08-31 13:53:00+00:00,UNH,372.61,413.18,40,40
2026-08-31 13:53:00+00:00,XOM,160.83,167.78,200,100
2026-08-31 13:54:00+00:00,AAPL,317.6,318.09,40,40
2026-08-31 13:54:00+00:00,AMZN,262.21,262.35,100,100
2026-08-31 13:54:00+00:00,GOOGL,340.3,341.63,40,40
2026-08-31 13:54:00+00:00,JPM,355.37,375.53,40,40
2026-08-31 13:54:00+00:00,META,573.22,574.83,80,80
2026-08-31 13:54:00+00:00,MSFT,510.45,512.94,80,120
2026-08-31 13:54:00+00:00,NVDA,218.12,218.62,100,100
2026-08-31 13:54:00+00:00,TSLA,360.11,363.3,40,40
2026-08-31 13:54:00+00:00,UNH,372.61,413.18,40,40
2026-08-31 13:54:00+00:00,XOM,158.04,167.78,100,100
2026-08-31 13:55:00+00:00,AAPL,317.55,317.61,80,80
2026-08-31 13:55:00+00:00,AMZN,262.01,262.08,100,100
2026-08-31 13:55:00+00:00,GOOGL,340.3,341.63,40,40
2026-08-31 13:55:00+00:00,JPM,355.37,375.53,40,40
2026-08-31 13:55:00+00:00,META,572.57,573.45,80,80
2026-08-31 13:55:00+00:00,MSFT,510.02,512.94,40,120
2026-08-31 13:55:00+00:00,NVDA,217.1,218.62,100,100
2026-08-31 13:55:00+00:00,TSLA,359.31,360.02,40,40
2026-08-31 13:55:00+00:00,UNH,390.55,413.18,40,40
2026-08-31 13:55:00+00:00,XOM,158.03,160.81,100,100
2026-08-31 13:56:00+00:00,AAPL,317.65,317.71,40,80
2026-08-31 13:56:00+00:00,AMZN,261.81,262.33,200,100
2026-08-31 13:56:00+00:00,GOOGL,340.3,341.05,40,120
2026-08-31 13:56:00+00:00,JPM,356.15,375.53,40,40
2026-08-31 13:56:00+00:00,META,572.91,573.5,80,40
2026-08-31 13:56:00+00:00,MSFT,509.73,512.94,40,120
2026-08-31 13:56:00+00:00,NVDA,217.09,218.62,100,100
2026-08-31 13:56:00+00:00,TSLA,356.0,360.0,40,120
2026-08-31 13:56:00+00:00,UNH,372.61,413.18,40,40
2026-08-31 13:56:00+00:00,XOM,158.03,160.8,100,100
2026-08-31 13:57:00+00:00,AAPL,317.28,317.33,80,40
2026-08-31 13:57:00+00:00,AMZN,261.71,262.35,100,100
2026-08-31 13:57:00+00:00,GOOGL,340.3,341.63,40,40
2026-08-31 13:57:00+00:00,JPM,356.4,375.53,40,40
2026-08-31 13:57:00+00:00,META,572.19,572.58,80,40
2026-08-31 13:57:00+00:00,MSFT,509.52,512.94,40,160
2026-08-31 13:57:00+00:00,NVDA,218.56,220.0,100,300
2026-08-31 13:57:00+00:00,TSLA,356.0,361.15,40,40
2026-08-31 13:57:00+00:00,UNH,390.92,413.18,40,40
2026-08-31 13:57:00+00:00,XOM,158.1,160.76,100,100
2026-08-31 13:58:00+00:00,AAPL,317.45,317.64,120,40
2026-08-31 13:58:00+00:00,AMZN,261.38,261.61,100,100
2026-08-31 13:58:00+00:00,GOOGL,340.3,340.62,40,40
2026-08-31 13:58:00+00:00,JPM,356.4,375.53,40,40
2026-08-31 13:58:00+00:00,META,571.98,572.35,40,40
2026-08-31 13:58:00+00:00,MSFT,508.4,509.2,40,40
2026-08-31 13:58:00+00:00,NVDA,218.65,218.67,100,200
2026-08-31 13:58:00+00:00,TSLA,356.0,361.14,40,40
2026-08-31 13:58:00+00:00,UNH,372.61,390.96,40,40
2026-08-31 13:58:00+00:00,XOM,160.6,160.72,100,100
2026-08-31 13:59:00+00:00,AAPL,317.04,317.38,40,40
2026-08-31 13:59:00+00:00,AMZN,261.02,261.37,100,100
2026-08-31 13:59:00+00:00,GOOGL,340.0,341.63,80,40
2026-08-31 13:59:00+00:00,JPM,356.4,375.53,40,40
2026-08-31 13:59:00+00:00,META,571.88,574.83,80,80
2026-08-31 13:59:00+00:00,MSFT,508.4,509.35,40,40
2026-08-31 13:59:00+00:00,NVDA,218.85,220.0,400,300
2026-08-31 13:59:00+00:00,TSLA,356.0,361.14,40,40
2026-08-31 13:59:00+00:00,UNH,372.61,413.18,40,40
2026-08-31 13:59:00+00:00,XOM,158.16,167.84,100,100
2026-08-31 14:00:00+00:00,AAPL,316.48,316.92,40,120
2026-08-31 14:00:00+00:00,AMZN,260.71,260.75,100,100
2026-08-31 14:00:00+00:00,GOOGL,340.0,340.08,40,40
2026-08-31 14:00:00+00:00,JPM,355.37,375.53,40,40
2026-08-31 14:00:00+00:00,META,570.99,571.49,80,80
2026-08-31 14:00:00+00:00,MSFT,508.4,508.77,40,40
2026-08-31 14:00:00+00:00,NVDA,219.03,219.08,100,500
2026-08-31 14:00:00+00:00,TSLA,360.27,361.14,80,40
2026-08-31 14:00:00+00:00,UNH,390.66,413.18,40,40
2026-08-31 14:00:00+00:00,XOM,158.01,167.7,500,100
2026-08-31 14:01:00+00:00,AAPL,316.01,316.62,40,40
2026-08-31 14:01:00+00:00,AMZN,260.73,260.83,100,100
2026-08-31 14:01:00+00:00,GOOGL,339.5,339.78,40,40
2026-08-31 14:01:00+00:00,JPM,356.92,375.53,40,40
2026-08-31 14:01:00+00:00,META,570.93,571.94,80,120
2026-08-31 14:01:00+00:00,MSFT,507.8,509.35,40,40
2026-08-31 14:01:00+00:00,NVDA,218.62,218.71,100,100
2026-08-31 14:01:00+00:00,TSLA,360.2,361.14,80,40
2026-08-31 14:01:00+00:00,UNH,390.66,413.18,40,40
2026-08-31 14:01:00+00:00,XOM,158.01,167.82,500,100
2026-08-31 14:02:00+00:00,AAPL,316.45,316.71,80,160
2026-08-31 14:02:00+00:00,AMZN,260.82,260.89,100,100
2026-08-31 14:02:00+00:00,GOOGL,339.5,339.78,40,40
2026-08-31 14:02:00+00:00,JPM,356.97,375.53,40,40
2026-08-31 14:02:00+00:00,META,571.09,571.68,80,40
2026-08-31 14:02:00+00:00,MSFT,508.09,509.27,40,40
2026-08-31 14:02:00+00:00,NVDA,218.73,218.77,100,100
2026-08-31 14:02:00+00:00,TSLA,356.0,360.93,40,40
2026-08-31 14:02:00+00:00,UNH,372.61,413.18,40,40
2026-08-31 14:02:00+00:00,XOM,160.69,167.82,100,100
2026-08-31 14:03:00+00:00,AAPL,316.52,316.61,120,200
2026-08-31 14:03:00+00:00,AMZN,261.09,261.18,100,100
2026-08-31 14:03:00+00:00,GOOGL,339.29,339.51,40,40
2026-08-31 14:03:00+00:00,JPM,356.97,375.53,40,40
2026-08-31 14:03:00+00:00,META,571.7,574.66,80,80
2026-08-31 14:03:00+00:00,MSFT,508.0,509.35,80,40
2026-08-31 14:03:00+00:00,NVDA,218.92,218.95,100,100
2026-08-31 14:03:00+00:00,TSLA,356.0,361.17,40,40
2026-08-31 14:03:00+00:00,UNH,372.61,413.18,40,40
2026-08-31 14:03:00+00:00,XOM,158.06,167.82,100,100
2026-08-31 14:04:00+00:00,AAPL,316.47,316.53,80,80
2026-08-31 14:04:00+00:00,AMZN,260.8,260.97,100,100
2026-08-31 14:04:00+00:00,GOOGL,339.38,339.56,40,40
2026-08-31 14:04:00+00:00,JPM,356.97,375.53,40,40
2026-08-31 14:04:00+00:00,META,570.0,571.06,120,40
2026-08-31 14:04:00+00:00,MSFT,507.23,508.02,40,160
2026-08-31 14:04:00+00:00,NVDA,219.04,220.0,100,200
2026-08-31 14:04:00+00:00,TSLA,356.0,361.17,40,40
2026-08-31 14:04:00+00:00,UNH,372.61,391.12,40,40
2026-08-31 14:04:00+00:00,XOM,160.6,167.77,100,100
2026-08-31 14:05:00+00:00,AAPL,316.63,316.68,80,80
2026-08-31 14:05:00+00:00,AMZN,261.12,261.59,100,100
2026-08-31 14:05:00+00:00,GOOGL,339.0,339.34,160,40
2026-08-31 14:05:00+00:00,JPM,355.37,375.53,40,40
2026-08-31 14:05:00+00:00,META,570.77,571.11,40,40
2026-08-31 14:05:00+00:00,MSFT,507.9,508.37,40,80
2026-08-31 14:05:00+00:00,NVDA,218.99,220.0,100,200
2026-08-31 14:05:00+00:00,TSLA,360.5,364.5,80,40
2026-08-31 14:05:00+00:00,UNH,372.61,405.18,40,40
2026-08-31 14:05:00+00:00,XOM,158.06,167.79,100,100
2026-08-31 14:06:00+00:00,AAPL,316.24,316.42,40,80
2026-08-31 14:06:00+00:00,AMZN,260.5,260.56,100,200
2026-08-31 14:06:00+00:00,GOOGL,338.72,339.46,40,40
2026-08-31 14:06:00+00:00,JPM,355.37,375.53,40,40
2026-08-31 14:06:00+00:00,META,569.5,570.35,80,40
2026-08-31 14:06:00+00:00,MSFT,507.82,509.35,40,40
2026-08-31 14:06:00+00:00,NVDA,218.66,218.91,400,100
2026-08-31 14:06:00+00:00,TSLA,360.69,364.5,40,40
2026-08-31 14:06:00+00:00,UNH,372.61,390.57,40,40
2026-08-31 14:06:00+00:00,XOM,158.08,167.7,100,100
2026-08-31 14:07:00+00:00,AAPL,316.47,316.52,80,80
2026-08-31 14:07:00+00:00,AMZN,260.81,260.89,100,100
2026-08-31 14:07:00+00:00,GOOGL,338.97,339.46,40,40
2026-08-31 14:07:00+00:00,JPM,355.37,375.53,40,40
2026-08-31 14:07:00+00:00,META,569.5,570.23,80,40
2026-08-31 14:07:00+00:00,MSFT,507.23,509.35,40,40
2026-08-31 14:07:00+00:00,NVDA,219.18,219.2,100,100
2026-08-31 14:07:00+00:00,TSLA,360.28,361.01,40,80
2026-08-31 14:07:00+00:00,UNH,372.61,390.83,40,40
2026-08-31 14:07:00+00:00,XOM,158.08,160.9,100,100
2026-08-31 14:08:00+00:00,AAPL,316.41,316.46,80,80
2026-08-31 14:08:00+00:00,AMZN,261.01,261.32,100,100
2026-08-31 14:08:00+00:00,GOOGL,338.71,339.46,80,40
2026-08-31 14:08:00+00:00,JPM,356.78,375.53,40,40
2026-08-31 14:08:00+00:00,META,570.0,570.58,80,40
2026-08-31 14:08:00+00:00,MSFT,507.23,509.35,40,40
2026-08-31 14:08:00+00:00,NVDA,219.38,220.0,100,200
2026-08-31 14:08:00+00:00,TSLA,357.4,361.14,40,40
2026-08-31 14:08:00+00:00,UNH,372.61,405.18,40,40
2026-08-31 14:08:00+00:00,XOM,158.08,167.76,100,100
2026-08-31 14:09:00+00:00,AAPL,316.01,316.54,40,120
2026-08-31 14:09:00+00:00,AMZN,260.54,260.67,100,200
2026-08-31 14:09:00+00:00,GOOGL,338.0,339.56,40,40
2026-08-31 14:09:00+00:00,JPM,357.04,375.53,40,40
2026-08-31 14:09:00+00:00,META,569.01,570.58,80,80
2026-08-31 14:09:00+00:00,MSFT,507.23,508.05,80,120
2026-08-31 14:09:00+00:00,NVDA,219.36,219.39,100,100
2026-08-31 14:09:00+00:00,TSLA,357.4,364.0,40,40
2026-08-31 14:09:00+00:00,UNH,372.61,405.18,40,40
2026-08-31 14:09:00+00:00,XOM,158.09,160.8,100,100
2026-08-31 14:10:00+00:00,AAPL,315.72,315.82,40,160
2026-08-31 14:10:00+00:00,AMZN,260.5,260.58,100,100
2026-08-31 14:10:00+00:00,GOOGL,338.0,338.5,40,40
2026-08-31 14:10:00+00:00,JPM,356.78,375.53,40,40
2026-08-31 14:10:00+00:00,META,569.01,570.58,80,80
2026-08-31 14:10:00+00:00,MSFT,507.23,508.31,40,160
2026-08-31 14:10:00+00:00,NVDA,219.21,219.7,100,100
2026-08-31 14:10:00+00:00,TSLA,357.4,361.35,40,40
2026-08-31 14:10:00+00:00,UNH,372.61,405.18,40,40
2026-08-31 14:10:00+00:00,XOM,158.12,167.8,100,100
2026-08-31 14:11:00+00:00,AAPL,316.06,316.27,80,40
2026-08-31 14:11:00+00:00,AMZN,260.12,260.49,100,200
2026-08-31 14:11:00+00:00,GOOGL,338.0,338.76,40,160
2026-08-31 14:11:00+00:00,JPM,357.09,357.25,40,40
2026-08-31 14:11:00+00:00,META,569.0,570.58,80,80
2026-08-31 14:11:00+00:00,MSFT,507.23,508.54,40,40
2026-08-31 14:11:00+00:00,NVDA,219.7,220.0,100,200
2026-08-31 14:11:00+00:00,TSLA,357.4,364.0,40,40
2026-08-31 14:11:00+00:00,UNH,372.61,405.18,40,40
2026-08-31 14:11:00+00:00,XOM,160.54,167.82,100,100
2026-08-31 14:12:00+00:00,AAPL,315.88,316.25,40,40
2026-08-31 14:12:00+00:00,AMZN,260.1,260.33,100,100
2026-08-31 14:12:00+00:00,GOOGL,337.9,338.11,40,40
2026-08-31 14:12:00+00:00,JPM,357.24,375.53,40,40
2026-08-31 14:12:00+00:00,META,569.7,570.45,40,80
2026-08-31 14:12:00+00:00,MSFT,507.23,507.77,40,40
2026-08-31 14:12:00+00:00,NVDA,219.57,219.61,100,100
2026-08-31 14:12:00+00:00,TSLA,357.4,364.0,40,40
2026-08-31 14:12:00+00:00,UNH,372.61,405.18,40,40
2026-08-31 14:12:00+00:00,XOM,158.07,160.62,100,100
2026-08-31 14:13:00+00:00,AAPL,316.22,316.27,80,80
2026-08-31 14:13:00+00:00,AMZN,260.26,260.31,100,100
2026-08-31 14:13:00+00:00,GOOGL,336.75,337.7,40,120
2026-08-31 14:13:00+00:00,JPM,357.45,375.53,40,40
2026-08-31 14:13:00+00:00,META,570.64,571.6,40,80
2026-08-31 14:13:00+00:00,MSFT,507.56,508.45,40,40
2026-08-31 14:13:00+00:00,NVDA,219.75,219.79,100,100
2026-08-31 14:13:00+00:00,TSLA,357.4,364.0,40,40
2026-08-31 14:13:00+00:00,UNH,372.61,405.18,40,40
2026-08-31 14:13:00+00:00,XOM,158.1,167.79,100,100
2026-08-31 14:14:00+00:00,AAPL,316.48,316.55,80,80
2026-08-31 14:14:00+00:00,AMZN,260.01,260.18,100,100
2026-08-31 14:14:00+00:00,GOOGL,337.34,337.66,40,120
2026-08-31 14:14:00+00:00,JPM,357.18,375.53,40,40
2026-08-31 14:14:00+00:00,META,569.7,571.31,40,40
2026-08-31 14:14:00+00:00,MSFT,507.96,508.45,40,40
2026-08-31 14:14:00+00:00,NVDA,220.16,220.19,100,100
2026-08-31 14:14:00+00:00,TSLA,360.54,364.0,160,40
2026-08-31 14:14:00+00:00,UNH,391.3,405.18,40,40
2026-08-31 14:14:00+00:00,XOM,160.25,167.79,100,100
2026-08-31 14:15:00+00:00,AAPL,316.32,316.49,40,120
2026-08-31 14:15:00+00:00,AMZN,260.13,260.21,100,100
2026-08-31 14:15:00+00:00,GOOGL,337.34,337.98,40,120
2026-08-31 14:15:00+00:00,JPM,355.37,375.53,40,40
2026-08-31 14:15:00+00:00,META,570.44,571.36,80,40
2026-08-31 14:15:00+00:00,MSFT,507.23,508.49,40,40
2026-08-31 14:15:00+00:00,NVDA,220.05,220.1,200,700
2026-08-31 14:15:00+00:00,TSLA,357.4,361.16,40,40
2026-08-31 14:15:00+00:00,UNH,372.61,405.18,40,40
2026-08-31 14:15:00+00:00,XOM,160.07,160.19,100,100
2026-08-31 14:16:00+00:00,AAPL,316.09,316.42,40,80
2026-08-31 14:16:00+00:00,AMZN,260.07,260.13,100,100
2026-08-31 14:16:00+00:00,GOOGL,337.38,337.86,80,40
2026-08-31 14:16:00+00:00,JPM,355.37,357.03,40,40
2026-08-31 14:16:00+00:00,META,570.98,571.6,80,80
2026-08-31 14:16:00+00:00,MSFT,507.23,508.49,40,40
2026-08-31 14:16:00+00:00,NVDA,220.18,220.2,100,100
2026-08-31 14:16:00+00:00,TSLA,357.4,364.0,40,40
2026-08-31 14:16:00+00:00,UNH,372.61,391.23,40,40
2026-08-31 14:16:00+00:00,XOM,158.01,160.28,500,100
2026-08-31 14:17:00+00:00,AAPL,316.17,316.24,80,80
2026-08-31 14:17:00+00:00,AMZN,260.09,260.16,100,100
2026-08-31 14:17:00+00:00,GOOGL,337.93,338.16,40,40
2026-08-31 14:17:00+00:00,JPM,356.42,356.93,40,40
2026-08-31 14:17:00+00:00,META,570.98,571.99,80,160
2026-08-31 14:17:00+00:00,MSFT,507.74,508.49,40,40
2026-08-31 14:17:00+00:00,NVDA,218.66,221.7,400,200
2026-08-31 14:17:00+00:00,TSLA,357.4,364.0,40,40
2026-08-31 14:17:00+00:00,UNH,372.61,391.23,40,40
2026-08-31 14:17:00+00:00,XOM,160.2,167.77,100,100
2026-08-31 14:18:00+00:00,AAPL,316.16,316.24,80,40
2026-08-31 14:18:00+00:00,AMZN,260.05,260.28,100,100
2026-08-31 14:18:00+00:00,GOOGL,337.6,338.45,40,120
2026-08-31 14:18:00+00:00,JPM,356.29,375.53,40,40
2026-08-31 14:18:00+00:00,META,570.98,572.0,80,120
2026-08-31 14:18:00+00:00,MSFT,507.23,508.26,40,40
2026-08-31 14:18:00+00:00,NVDA,219.82,219.85,200,800
2026-08-31 14:18:00+00:00,TSLA,357.4,362.1,40,240
2026-08-31 14:18:00+00:00,UNH,372.61,405.18,40,40
2026-08-31 14:18:00+00:00,XOM,158.01,167.77,500,100
2026-08-31 14:19:00+00:00,AAPL,316.17,316.28,200,40
2026-08-31 14:19:00+00:00,AMZN,260.3,260.54,100,100
2026-08-31 14:19:00+00:00,GOOGL,337.6,345.49,40,40
2026-08-31 14:19:00+00:00,JPM,356.29,375.53,40,40
2026-08-31 14:19:00+00:00,META,570.98,572.19,80,160
2026-08-31 14:19:00+00:00,MSFT,507.23,508.39,40,40
2026-08-31 14:19:00+00:00,NVDA,219.9,220.29,600,100
2026-08-31 14:19:00+00:00,TSLA,361.66,362.0,40,40
2026-08-31 14:19:00+00:00,UNH,372.61,405.18,40,40
2026-08-31 14:19:00+00:00,XOM,158.01,167.77,500,100
2026-08-31 14:20:00+00:00,AAPL,315.94,315.98,80,240
2026-08-31 14:20:00+00:00,AMZN,260.21,260.28,100,100
2026-08-31 14:20:00+00:00,GOOGL,337.6,338.4,40,40
2026-08-31 14:20:00+00:00,JPM,355.37,375.53,40,40
2026-08-31 14:20:00+00:00,META,570.98,571.76,80,120
2026-08-31 14:20:00+00:00,MSFT,507.23,508.38,40,160
2026-08-31 14:20:00+00:00,NVDA,220.24,220.28,100,100
2026-08-31 14:20:00+00:00,TSLA,361.98,364.0,40,120
2026-08-31 14:20:00+00:00,UNH,372.61,405.18,40,40
2026-08-31 14:20:00+00:00,XOM,158.01,160.3,500,100
2026-08-31 14:21:00+00:00,AAPL,315.8,315.85,80,280
2026-08-31 14:21:00+00:00,AMZN,260.24,260.46,100,100
2026-08-31 14:21:00+00:00,GOOGL,338.11,338.4,40,40
2026-08-31 14:21:00+00:00,JPM,355.37,375.53,40,40
2026-08-31 14:21:00+00:00,META,571.58,575.82,40,80
2026-08-31 14:21:00+00:00,MSFT,508.46,509.01,40,40
2026-08-31 14:21:00+00:00,NVDA,220.11,220.13,100,100
2026-08-31 14:21:00+00:00,TSLA,357.4,364.0,40,80
2026-08-31 14:21:00+00:00,UNH,391.05,405.18,40,80
2026-08-31 14:21:00+00:00,XOM,160.23,167.77,200,100
2026-08-31 14:22:00+00:00,AAPL,315.67,315.71,80,80
2026-08-31 14:22:00+00:00,AMZN,259.91,260.02,100,100
2026-08-31 14:22:00+00:00,GOOGL,337.6,337.97,40,40
2026-08-31 14:22:00+00:00,JPM,355.37,375.53,40,40
2026-08-31 14:22:00+00:00,META,569.7,571.12,80,120
2026-08-31 14:22:00+00:00,MSFT,507.23,508.83,40,160
2026-08-31 14:22:00+00:00,NVDA,220.01,220.12,100,100
2026-08-31 14:22:00+00:00,TSLA,357.4,362.08,40,40
2026-08-31 14:22:00+00:00,UNH,372.61,405.18,40,40
2026-08-31 14:22:00+00:00,XOM,158.04,167.8,100,100
2026-08-31 14:23:00+00:00,AAPL,315.59,315.63,80,40
2026-08-31 14:23:00+00:00,AMZN,259.82,259.91,200,200
2026-08-31 14:23:00+00:00,GOOGL,337.58,337.85,80,80
2026-08-31 14:23:00+00:00,JPM,356.58,375.53,40,40
2026-08-31 14:23:00+00:00,META,570.81,570.9,120,40
2026-08-31 14:23:00+00:00,MSFT,508.61,509.06,40,40
2026-08-31 14:23:00+00:00,NVDA,219.81,219.86,100,100
2026-08-31 14:23:00+00:00,TSLA,362.37,362.68,240,40
2026-08-31 14:23:00+00:00,UNH,372.61,405.18,40,80
2026-08-31 14:23:00+00:00,XOM,158.04,160.7,100,100
2026-08-31 14:24:00+00:00,AAPL,315.59,315.7,40,40
2026-08-31 14:24:00+00:00,AMZN,259.76,259.96,100,100
2026-08-31 14:24:00+00:00,GOOGL,337.0,337.23,40,120
2026-08-31 14:24:00+00:00,JPM,356.18,356.84,40,40
2026-08-31 14:24:00+00:00,META,569.7,570.87,80,80
2026-08-31 14:24:00+00:00,MSFT,509.05,512.94,40,120
2026-08-31 14:24:00+00:00,NVDA,219.53,219.57,200,100
2026-08-31 14:24:00+00:00,TSLA,357.4,364.0,40,120
2026-08-31 14:24:00+00:00,UNH,390.43,391.78,40,40
2026-08-31 14:24:00+00:00,XOM,158.1,167.8,100,100
2026-08-31 14:25:00+00:00,AAPL,315.65,315.8,80,40
2026-08-31 14:25:00+00:00,AMZN,259.82,259.97,100,100
2026-08-31 14:25:00+00:00,GOOGL,337.0,337.41,40,40
2026-08-31 14:25:00+00:00,JPM,356.18,356.84,40,40
2026-08-31 14:25:00+00:00,META,570.56,570.81,120,40
2026-08-31 14:25:00+00:00,MSFT,507.23,509.24,40,40
2026-08-31 14:25:00+00:00,NVDA,219.52,219.71,100,100
2026-08-31 14:25:00+00:00,TSLA,357.4,362.3,40,120
2026-08-31 14:25:00+00:00,UNH,390.5,405.18,40,40
2026-08-31 14:25:00+00:00,XOM,160.36,167.8,100,100
2026-08-31 14:26:00+00:00,AAPL,315.71,315.75,120,80
2026-08-31 14:26:00+00:00,AMZN,260.02,260.07,100,100
2026-08-31 14:26:00+00:00,GOOGL,337.16,337.55,40,40
2026-08-31 14:26:00+00:00,JPM,356.34,356.84,80,40
2026-08-31 14:26:00+00:00,META,569.7,570.25,80,40
2026-08-31 14:26:00+00:00,MSFT,507.23,512.94,40,120
2026-08-31 14:26:00+00:00,NVDA,219.6,219.62,100,400
2026-08-31 14:26:00+00:00,TSLA,362.42,362.57,80,80
2026-08-31 14:26:00+00:00,UNH,372.61,405.18,40,40
2026-08-31 14:26:00+00:00,XOM,158.04,160.28,100,100
2026-08-31 14:27:00+00:00,AAPL,315.71,315.82,40,40
2026-08-31 14:27:00+00:00,AMZN,259.99,260.05,100,100
2026-08-31 14:27:00+00:00,GOOGL,337.16,337.47,40,40
2026-08-31 14:27:00+00:00,JPM,356.34,356.84,40,40
2026-08-31 14:27:00+00:00,META,569.73,570.16,80,80
2026-08-31 14:27:00+00:00,MSFT,507.23,509.51,40,40
2026-08-31 14:27:00+00:00,NVDA,219.73,219.76,100,100
2026-08-31 14:27:00+00:00,TSLA,357.4,364.0,40,120
2026-08-31 14:27:00+00:00,UNH,372.61,405.18,40,40
2026-08-31 14:27:00+00:00,XOM,160.13,167.8,100,100
2026-08-31 14:28:00+00:00,AAPL,315.64,315.68,120,80
2026-08-31 14:28:00+00:00,AMZN,259.97,260.04,100,200
2026-08-31 14:28:00+00:00,GOOGL,337.16,337.57,40,40
2026-08-31 14:28:00+00:00,JPM,356.15,356.84,40,40
2026-08-31 14:28:00+00:00,META,569.73,570.18,80,40
2026-08-31 14:28:00+00:00,MSFT,507.23,509.51,40,40
2026-08-31 14:28:00+00:00,NVDA,220.13,220.17,200,700
2026-08-31 14:28:00+00:00,TSLA,364.09,365.0,40,80
2026-08-31 14:28:00+00:00,UNH,372.61,405.18,40,40
2026-08-31 14:28:00+00:00,XOM,158.03,160.23,100,100
2026-08-31 14:29:00+00:00,AAPL,315.68,315.83,320,80
2026-08-31 14:29:00+00:00,AMZN,259.69,260.19,100,100
2026-08-31 14:29:00+00:00,GOOGL,337.16,337.6,40,40
2026-08-31 14:29:00+00:00,JPM,355.8,356.37,40,40
2026-08-31 14:29:00+00:00,META,569.73,570.24,80,40
2026-08-31 14:29:00+00:00,MSFT,509.24,512.94,40,120
2026-08-31 14:29:00+00:00,NVDA,220.06,220.23,300,100
2026-08-31 14:29:00+00:00,TSLA,357.4,365.0,40,80
2026-08-31 14:29:00+00:00,UNH,372.61,389.79,40,40
2026-08-31 14:29:00+00:00,XOM,158.06,160.18,100,100
2026-08-31 14:30:00+00:00,AAPL,315.32,315.35,120,80
2026-08-31 14:30:00+00:00,AMZN,260.08,260.19,100,200
2026-08-31 14:30:00+00:00,GOOGL,337.25,337.85,40,80
2026-08-31 14:30:00+00:00,JPM,355.94,356.37,40,40
2026-08-31 14:30:00+00:00,META,570.0,571.03,80,80
2026-08-31 14:30:00+00:00,MSFT,509.41,512.94,40,120
2026-08-31 14:30:00+00:00,NVDA,220.06,220.08,100,100
2026-08-31 14:30:00+00:00,TSLA,364.03,364.2,80,400
2026-08-31 14:30:00+00:00,UNH,372.61,405.18,40,40
2026-08-31 14:30:00+00:00,XOM,158.07,167.8,100,100
2026-08-31 14:31:00+00:00,AAPL,315.24,315.33,120,40
2026-08-31 14:31:00+00:00,AMZN,260.04,260.21,100,100
2026-08-31 14:31:00+00:00,GOOGL,337.41,337.52,40,40
2026-08-31 14:31:00+00:00,JPM,355.37,375.53,40,40
2026-08-31 14:31:00+00:00,META,570.0,570.77,80,80
2026-08-31 14:31:00+00:00,MSFT,508.9,512.94,40,120
2026-08-31 14:31:00+00:00,NVDA,219.87,219.9,500,500
2026-08-31 14:31:00+00:00,TSLA,363.78,365.0,40,80
2026-08-31 14:31:00+00:00,UNH,372.61,405.18,40,40
2026-08-31 14:31:00+00:00,XOM,160.09,160.15,300,100
2026-08-31 14:32:00+00:00,AAPL,315.04,315.1,40,80
2026-08-31 14:32:00+00:00,AMZN,260.11,260.15,100,200
2026-08-31 14:32:00+00:00,GOOGL,337.49,337.77,40,40
2026-08-31 14:32:00+00:00,JPM,355.37,375.53,40,40
2026-08-31 14:32:00+00:00,META,569.73,571.42,80,80
2026-08-31 14:32:00+00:00,MSFT,508.88,512.94,40,120
2026-08-31 14:32:00+00:00,NVDA,220.08,220.1,100,600
2026-08-31 14:32:00+00:00,TSLA,357.4,364.05,40,40
2026-08-31 14:32:00+00:00,UNH,372.61,405.18,40,40
2026-08-31 14:32:00+00:00,XOM,158.01,159.99,500,100
2026-08-31 14:33:00+00:00,AAPL,314.8,314.86,40,40
2026-08-31 14:33:00+00:00,AMZN,259.67,260.23,100,100
2026-08-31 14:33:00+00:00,GOOGL,337.75,338.01,40,40
2026-08-31 14:33:00+00:00,JPM,355.91,375.53,40,40
2026-08-31 14:33:00+00:00,META,569.89,571.42,80,80
2026-08-31 14:33:00+00:00,MSFT,508.88,512.94,40,120
2026-08-31 14:33:00+00:00,NVDA,220.32,220.34,500,100
2026-08-31 14:33:00+00:00,TSLA,357.4,364.5,40,40
2026-08-31 14:33:00+00:00,UNH,372.61,405.18,40,40
2026-08-31 14:33:00+00:00,XOM,158.01,160.1,500,100
2026-08-31 14:34:00+00:00,AAPL,314.34,314.53,80,40
2026-08-31 14:34:00+00:00,AMZN,260.07,260.13,100,100
2026-08-31 14:34:00+00:00,GOOGL,337.69,337.83,40,40
2026-08-31 14:34:00+00:00,JPM,355.59,375.53,40,40
2026-08-31 14:34:00+00:00,META,569.73,570.28,80,80
2026-08-31 14:34:00+00:00,MSFT,507.23,512.94,40,120
2026-08-31 14:34:00+00:00,NVDA,220.31,220.34,500,700
2026-08-31 14:34:00+00:00,TSLA,357.4,364.25,40,40
2026-08-31 14:34:00+00:00,UNH,372.61,390.28,40,40
2026-08-31 14:34:00+00:00,XOM,158.01,167.8,500,100
2026-08-31 14:35:00+00:00,AAPL,314.59,314.62,40,120
2026-08-31 14:35:00+00:00,AMZN,260.15,260.22,100,100
2026-08-31 14:35:00+00:00,GOOGL,337.69,338.03,40,40
2026-08-31 14:35:00+00:00,JPM,355.75,375.53,40,40
2026-08-31 14:35:00+00:00,META,569.95,571.8,80,80
2026-08-31 14:35:00+00:00,MSFT,507.23,510.83,40,40
2026-08-31 14:35:00+00:00,NVDA,220.31,220.33,200,500
2026-08-31 14:35:00+00:00,TSLA,365.6,366.2,40,80
2026-08-31 14:35:00+00:00,UNH,372.61,405.18,40,40
2026-08-31 14:35:00+00:00,XOM,160.06,167.8,100,100
2026-08-31 14:36:00+00:00,AAPL,314.87,315.19,80,80
2026-08-31 14:36:00+00:00,AMZN,259.99,260.36,100,100
2026-08-31 14:36:00+00:00,GOOGL,337.84,338.44,40,40
2026-08-31 14:36:00+00:00,JPM,355.75,375.53,40,40
2026-08-31 14:36:00+00:00,META,569.75,571.8,80,80
2026-08-31 14:36:00+00:00,MSFT,507.23,510.83,40,40
2026-08-31 14:36:00+00:00,NVDA,220.35,220.76,500,100
2026-08-31 14:36:00+00:00,TSLA,357.4,366.2,40,80
2026-08-31 14:36:00+00:00,UNH,372.61,405.18,40,40
2026-08-31 14:36:00+00:00,XOM,158.03,167.8,100,100
2026-08-31 14:37:00+00:00,AAPL,315.08,315.12,80,40
2026-08-31 14:37:00+00:00,AMZN,260.05,260.1,100,100
2026-08-31 14:37:00+00:00,GOOGL,337.84,338.44,40,40
2026-08-31 14:37:00+00:00,JPM,355.94,356.24,40,40
2026-08-31 14:37:00+00:00,META,569.75,575.82,80,80
2026-08-31 14:37:00+00:00,MSFT,507.23,510.83,40,40
2026-08-31 14:37:00+00:00,NVDA,220.33,221.7,500,200
2026-08-31 14:37:00+00:00,TSLA,357.4,366.2,40,80
2026-08-31 14:37:00+00:00,UNH,372.61,405.18,40,40
2026-08-31 14:37:00+00:00,XOM,158.04,162.0,100,300
2026-08-31 14:38:00+00:00,AAPL,315.12,315.21,160,80
2026-08-31 14:38:00+00:00,AMZN,260.15,260.29,100,100
2026-08-31 14:38:00+00:00,GOOGL,337.84,338.14,40,40
2026-08-31 14:38:00+00:00,JPM,355.73,356.24,40,40
2026-08-31 14:38:00+00:00,META,569.75,571.39,80,80
2026-08-31 14:38:00+00:00,MSFT,507.23,509.56,40,40
2026-08-31 14:38:00+00:00,NVDA,220.0,220.02,100,100
2026-08-31 14:38:00+00:00,TSLA,357.4,366.2,40,80
2026-08-31 14:38:00+00:00,UNH,372.61,390.84,40,40
2026-08-31 14:38:00+00:00,XOM,158.04,160.08,100,100
2026-08-31 14:39:00+00:00,AAPL,314.93,314.97,80,120
2026-08-31 14:39:00+00:00,AMZN,260.25,260.35,100,100
2026-08-31 14:39:00+00:00,GOOGL,337.84,338.44,40,40
2026-08-31 14:39:00+00:00,JPM,356.26,375.53,40,40
2026-08-31 14:39:00+00:00,META,570.0,575.82,40,80
2026-08-31 14:39:00+00:00,MSFT,507.23,509.56,40,40
2026-08-31 14:39:00+00:00,NVDA,219.69,219.71,100,400
2026-08-31 14:39:00+00:00,TSLA,357.4,366.2,40,80
2026-08-31 14:39:00+00:00,UNH,390.9,405.18,40,80
2026-08-31 14:39:00+00:00,XOM,158.04,159.95,100,100
2026-08-31 14:40:00+00:00,AAPL,314.78,314.83,200,160
2026-08-31 14:40:00+00:00,AMZN,260.06,260.14,200,200
2026-08-31 14:40:00+00:00,GOOGL,337.84,338.44,40,40
2026-08-31 14:40:00+00:00,JPM,356.47,356.55,40,120
2026-08-31 14:40:00+00:00,META,570.0,575.82,40,80
2026-08-31 14:40:00+00:00,MSFT,507.23,509.56,40,40
2026-08-31 14:40:00+00:00,NVDA,219.86,219.88,700,600
2026-08-31 14:40:00+00:00,TSLA,363.21,366.2,40,80
2026-08-31 14:40:00+00:00,UNH,372.61,405.18,40,80
2026-08-31 14:40:00+00:00,XOM,158.06,160.2,100,100
2026-08-31 14:41:00+00:00,AAPL,314.81,314.92,40,40
2026-08-31 14:41:00+00:00,AMZN,260.21,260.27,100,100
2026-08-31 14:41:00+00:00,GOOGL,337.84,338.44,40,40
2026-08-31 14:41:00+00:00,JPM,356.65,356.75,120,40
2026-08-31 14:41:00+00:00,META,570.0,575.82,40,80
2026-08-31 14:41:00+00:00,MSFT,507.23,509.71,40,40
2026-08-31 14:41:00+00:00,NVDA,219.78,219.8,100,500
2026-08-31 14:41:00+00:00,TSLA,357.4,366.2,40,80
2026-08-31 14:41:00+00:00,UNH,372.61,391.51,40,40
2026-08-31 14:41:00+00:00,XOM,160.03,160.82,100,100
2026-08-31 14:42:00+00:00,AAPL,314.82,314.86,80,80
2026-08-31 14:42:00+00:00,AMZN,260.33,260.37,100,100
2026-08-31 14:42:00+00:00,GOOGL,337.84,338.44,40,40
2026-08-31 14:42:00+00:00,JPM,356.03,356.47,40,40
2026-08-31 14:42:00+00:00,META,570.0,575.82,40,80
2026-08-31 14:42:00+00:00,MSFT,507.23,509.72,40,40
2026-08-31 14:42:00+00:00,NVDA,219.98,220.0,100,500
2026-08-31 14:42:00+00:00,TSLA,357.4,366.2,40,80
2026-08-31 14:42:00+00:00,UNH,372.61,405.18,40,40
2026-08-31 14:42:00+00:00,XOM,158.14,160.24,100,100
2026-08-31 14:43:00+00:00,AAPL,314.89,314.94,120,80
2026-08-31 14:43:00+00:00,AMZN,260.26,260.39,100,100
2026-08-31 14:43:00+00:00,GOOGL,338.26,338.44,40,40
2026-08-31 14:43:00+00:00,JPM,356.05,356.35,40,40
2026-08-31 14:43:00+00:00,META,570.0,575.82,120,80
2026-08-31 14:43:00+00:00,MSFT,507.23,509.62,40,40
2026-08-31 14:43:00+00:00,NVDA,219.89,220.83,500,100
2026-08-31 14:43:00+00:00,TSLA,365.22,366.2,40,80
2026-08-31 14:43:00+00:00,UNH,372.61,405.18,40,40
2026-08-31 14:43:00+00:00,XOM,158.23,162.0,100,300
2026-08-31 14:44:00+00:00,AAPL,314.96,314.98,160,40
2026-08-31 14:44:00+00:00,AMZN,260.2,260.27,100,100
2026-08-31 14:44:00+00:00,GOOGL,338.06,338.14,40,80
2026-08-31 14:44:00+00:00,JPM,355.86,356.35,40,40
2026-08-31 14:44:00+00:00,META,570.0,575.82,120,80
2026-08-31 14:44:00+00:00,MSFT,507.23,509.62,40,40
2026-08-31 14:44:00+00:00,NVDA,219.93,219.96,600,800
2026-08-31 14:44:00+00:00,TSLA,357.4,366.2,40,80
2026-08-31 14:44:00+00:00,UNH,372.61,405.18,40,40
2026-08-31 14:44:00+00:00,XOM,158.07,162.0,100,200
2026-08-31 14:45:00+00:00,AAPL,314.95,315.0,120,40
2026-08-31 14:45:00+00:00,AMZN,260.15,260.24,100,100
2026-08-31 14:45:00+00:00,GOOGL,337.84,338.44,40,40
2026-08-31 14:45:00+00:00,JPM,355.85,375.53,80,40
2026-08-31 14:45:00+00:00,META,570.0,575.82,120,80
2026-08-31 14:45:00+00:00,MSFT,507.23,509.62,40,40
2026-08-31 14:45:00+00:00,NVDA,219.94,219.97,500,400
2026-08-31 14:45:00+00:00,TSLA,357.4,366.2,40,120
2026-08-31 14:45:00+00:00,UNH,372.61,391.39,40,40
2026-08-31 14:45:00+00:00,XOM,158.1,162.0,100,300
2026-08-31 14:46:00+00:00,AAPL,315.06,315.09,160,80
2026-08-31 14:46:00+00:00,AMZN,260.34,260.47,100,100
2026-08-31 14:46:00+00:00,GOOGL,337.84,338.44,40,40
2026-08-31 14:46:00+00:00,JPM,355.63,356.13,40,40
2026-08-31 14:46:00+00:00,META,570.51,575.82,80,80
2026-08-31 14:46:00+00:00,MSFT,509.3,509.62,40,40
2026-08-31 14:46:00+00:00,NVDA,219.99,220.08,500,100
2026-08-31 14:46:00+00:00,TSLA,365.26,366.2,40,120
2026-08-31 14:46:00+00:00,UNH,372.61,405.18,40,40
2026-08-31 14:46:00+00:00,XOM,158.03,159.97,100,100
2026-08-31 14:47:00+00:00,AAPL,315.18,315.22,80,80
2026-08-31 14:47:00+00:00,AMZN,260.24,260.47,100,100
2026-08-31 14:47:00+00:00,GOOGL,337.69,338.44,40,40
2026-08-31 14:47:00+00:00,JPM,355.87,375.53,40,40
2026-08-31 14:47:00+00:00,META,570.72,571.31,80,40
2026-08-31 14:47:00+00:00,MSFT,507.23,509.85,40,40
2026-08-31 14:47:00+00:00,NVDA,219.89,219.92,600,700
2026-08-31 14:47:00+00:00,TSLA,365.08,366.2,80,120
2026-08-31 14:47:00+00:00,UNH,372.61,405.18,40,40
2026-08-31 14:47:00+00:00,XOM,158.06,161.0,100,200
2026-08-31 14:48:00+00:00,AAPL,315.12,315.17,160,80
2026-08-31 14:48:00+00:00,AMZN,260.1,260.15,100,100
2026-08-31 14:48:00+00:00,GOOGL,337.69,337.76,40,40
2026-08-31 14:48:00+00:00,JPM,355.86,375.53,40,40
2026-08-31 14:48:00+00:00,META,570.71,575.82,80,80
2026-08-31 14:48:00+00:00,MSFT,507.23,509.85,40,40
2026-08-31 14:48:00+00:00,NVDA,219.8,219.83,700,700
2026-08-31 14:48:00+00:00,TSLA,357.4,366.2,40,120
2026-08-31 14:48:00+00:00,UNH,372.61,405.18,40,40
2026-08-31 14:48:00+00:00,XOM,159.98,161.0,100,200
2026-08-31 14:49:00+00:00,AAPL,315.06,315.09,80,80
2026-08-31 14:49:00+00:00,AMZN,259.88,259.97,100,100
2026-08-31 14:49:00+00:00,GOOGL,337.25,337.9,40,40
2026-08-31 14:49:00+00:00,JPM,355.86,356.13,40,80
2026-08-31 14:49:00+00:00,META,570.62,570.85,40,40
2026-08-31 14:49:00+00:00,MSFT,509.21,509.56,40,40
2026-08-31 14:49:00+00:00,NVDA,219.78,219.8,700,100
2026-08-31 14:49:00+00:00,TSLA,361.83,364.34,40,40
2026-08-31 14:49:00+00:00,UNH,372.61,405.18,40,40
2026-08-31 14:49:00+00:00,XOM,158.07,159.95,100,100
2026-08-31 14:50:00+00:00,AAPL,314.95,315.0,280,40
2026-08-31 14:50:00+00:00,AMZN,260.0,260.09,100,100
2026-08-31 14:50:00+00:00,GOOGL,337.25,337.84,40,40
2026-08-31 14:50:00+00:00,JPM,355.86,356.13,40,120
2026-08-31 14:50:00+00:00,META,570.33,575.82,80,80
2026-08-31 14:50:00+00:00,MSFT,509.13,509.85,40,40
2026-08-31 14:50:00+00:00,NVDA,219.79,220.83,100,100
2026-08-31 14:50:00+00:00,TSLA,363.64,364.34,40,40
2026-08-31 14:50:00+00:00,UNH,372.61,405.18,40,40
2026-08-31 14:50:00+00:00,XOM,158.07,161.0,100,200
2026-08-31 14:51:00+00:00,AAPL,315.06,315.09,280,40
2026-08-31 14:51:00+00:00,AMZN,260.14,260.26,100,100
2026-08-31 14:51:00+00:00,GOOGL,337.25,338.44,40,40
2026-08-31 14:51:00+00:00,JPM,355.86,356.03,40,40
2026-08-31 14:51:00+00:00,META,569.9,575.82,40,80
2026-08-31 14:51:00+00:00,MSFT,508.35,509.85,40,40
2026-08-31 14:51:00+00:00,NVDA,219.5,219.53,500,400
2026-08-31 14:51:00+00:00,TSLA,362.93,364.34,40,40
2026-08-31 14:51:00+00:00,UNH,372.61,405.18,40,40
2026-08-31 14:51:00+00:00,XOM,158.07,159.96,100,100
2026-08-31 14:52:00+00:00,AAPL,315.05,315.15,80,40
2026-08-31 14:52:00+00:00,AMZN,260.38,261.6,100,100
2026-08-31 14:52:00+00:00,GOOGL,337.53,338.44,40,40
2026-08-31 14:52:00+00:00,JPM,355.86,357.95,80,40
2026-08-31 14:52:00+00:00,META,569.9,575.82,40,80
2026-08-31 14:52:00+00:00,MSFT,509.48,510.83,40,40
2026-08-31 14:52:00+00:00,NVDA,219.36,219.38,100,700
2026-08-31 14:52:00+00:00,TSLA,363.43,364.34,40,40
2026-08-31 14:52:00+00:00,UNH,390.77,405.18,40,80
2026-08-31 14:52:00+00:00,XOM,158.07,159.89,100,100
2026-08-31 14:53:00+00:00,AAPL,314.78,314.99,80,40
2026-08-31 14:53:00+00:00,AMZN,260.52,261.55,100,100
2026-08-31 14:53:00+00:00,GOOGL,337.25,337.59,40,40
2026-08-31 14:53:00+00:00,JPM,355.98,356.21,40,40
2026-08-31 14:53:00+00:00,META,569.01,570.19,80,40
2026-08-31 14:53:00+00:00,MSFT,509.48,510.83,40,40
2026-08-31 14:53:00+00:00,NVDA,219.37,219.4,100,400
2026-08-31 14:53:00+00:00,TSLA,357.4,365.75,40,40
2026-08-31 14:53:00+00:00,UNH,391.24,405.18,40,80
2026-08-31 14:53:00+00:00,XOM,158.07,161.0,100,200
2026-08-31 14:54:00+00:00,AAPL,314.91,314.99,40,80
2026-08-31 14:54:00+00:00,AMZN,260.6,260.65,100,100
2026-08-31 14:54:00+00:00,GOOGL,337.25,337.67,40,40
2026-08-31 14:54:00+00:00,JPM,355.98,356.2,40,40
2026-08-31 14:54:00+00:00,META,569.01,571.0,80,40
2026-08-31 14:54:00+00:00,MSFT,509.48,510.83,40,40
2026-08-31 14:54:00+00:00,NVDA,219.62,220.27,100,100
2026-08-31 14:54:00+00:00,TSLA,357.4,365.75,40,40
2026-08-31 14:54:00+00:00,UNH,372.61,405.18,40,40
2026-08-31 14:54:00+00:00,XOM,158.07,161.0,100,200
2026-08-31 14:55:00+00:00,AAPL,314.87,314.89,120,200
2026-08-31 14:55:00+00:00,AMZN,260.54,260.59,100,100
2026-08-31 14:55:00+00:00,GOOGL,337.25,338.44,40,40
2026-08-31 14:55:00+00:00,JPM,355.82,355.99,40,80
2026-08-31 14:55:00+00:00,META,569.01,571.0,80,80
2026-08-31 14:55:00+00:00,MSFT,509.48,510.83,40,40
2026-08-31 14:55:00+00:00,NVDA,219.66,219.69,700,600
2026-08-31 14:55:00+00:00,TSLA,362.02,362.32,80,40
2026-08-31 14:55:00+00:00,UNH,391.29,405.18,40,40
2026-08-31 14:55:00+00:00,XOM,160.09,161.0,100,200
2026-08-31 14:56:00+00:00,AAPL,315.13,315.21,40,40
2026-08-31 14:56:00+00:00,AMZN,260.54,260.63,100,100
2026-08-31 14:56:00+00:00,GOOGL,337.89,338.44,80,40
2026-08-31 14:56:00+00:00,JPM,355.37,356.13,40,80
2026-08-31 14:56:00+00:00,META,569.48,571.0,80,80
2026-08-31 14:56:00+00:00,MSFT,509.0,510.83,40,40
2026-08-31 14:56:00+00:00,NVDA,219.66,219.69,700,500
2026-08-31 14:56:00+00:00,TSLA,363.2,366.2,40,120
2026-08-31 14:56:00+00:00,UNH,391.29,405.18,40,40
2026-08-31 14:56:00+00:00,XOM,158.12,160.0,100,100
2026-08-31 14:57:00+00:00,AAPL,315.37,315.41,280,80
2026-08-31 14:57:00+00:00,AMZN,260.83,260.9,100,100
2026-08-31 14:57:00+00:00,GOOGL,338.03,338.44,40,40
2026-08-31 14:57:00+00:00,JPM,355.9,356.21,40,80
2026-08-31 14:57:00+00:00,META,570.6,575.82,40,80
2026-08-31 14:57:00+00:00,MSFT,510.14,510.53,40,40
2026-08-31 14:57:00+00:00,NVDA,219.75,219.77,500,500
2026-08-31 14:57:00+00:00,TSLA,357.4,366.2,40,120
2026-08-31 14:57:00+00:00,UNH,391.41,405.18,40,40
2026-08-31 14:57:00+00:00,XOM,160.03,160.09,100,100
2026-08-31 14:58:00+00:00,AAPL,315.43,315.53,80,40
2026-08-31 14:58:00+00:00,AMZN,260.77,260.84,100,100
2026-08-31 14:58:00+00:00,GOOGL,337.66,338.44,40,40
2026-08-31 14:58:00+00:00,JPM,355.63,356.13,40,40
2026-08-31 14:58:00+00:00,META,570.6,571.26,120,80
2026-08-31 14:58:00+00:00,MSFT,510.14,510.83,40,40
2026-08-31 14:58:00+00:00,NVDA,219.69,219.71,200,600
2026-08-31 14:58:00+00:00,TSLA,357.4,366.2,40,120
2026-08-31 14:58:00+00:00,UNH,391.29,391.51,40,40
2026-08-31 14:58:00+00:00,XOM,159.82,160.5,100,100
2026-08-31 14:59:00+00:00,AAPL,315.36,315.4,80,120
2026-08-31 14:59:00+00:00,AMZN,260.85,260.97,100,100
2026-08-31 14:59:00+00:00,GOOGL,337.66,338.44,40,40
2026-08-31 14:59:00+00:00,JPM,355.43,375.53,40,40
2026-08-31 14:59:00+00:00,META,571.0,577.36,80,80
2026-08-31 14:59:00+00:00,MSFT,509.0,512.94,40,120
2026-08-31 14:59:00+00:00,NVDA,219.71,219.74,500,100
2026-08-31 14:59:00+00:00,TSLA,357.4,366.2,40,120
2026-08-31 14:59:00+00:00,UNH,391.25,391.39,40,80
2026-08-31 14:59:00+00:00,XOM,159.75,160.5,100,100
2026-08-31 15:00:00+00:00,AAPL,315.56,315.6,120,80
2026-08-31 15:00:00+00:00,AMZN,261.0,261.03,100,400
2026-08-31 15:00:00+00:00,GOOGL,337.97,338.44,40,40
2026-08-31 15:00:00+00:00,JPM,355.42,355.72,40,40
2026-08-31 15:00:00+00:00,META,570.86,572.4,80,80
2026-08-31 15:00:00+00:00,MSFT,511.29,512.94,40,120
2026-08-31 15:00:00+00:00,NVDA,219.87,219.89,400,700
2026-08-31 15:00:00+00:00,TSLA,364.54,366.2,80,120
2026-08-31 15:00:00+00:00,UNH,391.25,405.18,40,40
2026-08-31 15:00:00+00:00,XOM,159.38,159.45,100,100
2026-08-31 15:01:00+00:00,AAPL,315.75,315.81,80,40
2026-08-31 15:01:00+00:00,AMZN,260.94,260.99,100,100
2026-08-31 15:01:00+00:00,GOOGL,337.66,338.44,40,40
2026-08-31 15:01:00+00:00,JPM,355.64,355.77,80,80
2026-08-31 15:01:00+00:00,META,570.86,571.49,80,80
2026-08-31 15:01:00+00:00,MSFT,509.0,512.94,40,120
2026-08-31 15:01:00+00:00,NVDA,219.64,219.66,100,600
2026-08-31 15:01:00+00:00,TSLA,364.16,366.2,40,120
2026-08-31 15:01:00+00:00,UNH,372.61,405.18,40,40
2026-08-31 15:01:00+00:00,XOM,159.42,160.5,200,300
2026-08-31 15:02:00+00:00,AAPL,315.55,315.59,80,80
2026-08-31 15:02:00+00:00,AMZN,260.85,260.89,100,100
2026-08-31 15:02:00+00:00,GOOGL,337.66,338.46,40,40
2026-08-31 15:02:00+00:00,JPM,355.42,355.77,40,40
2026-08-31 15:02:00+00:00,META,570.86,571.56,80,40
2026-08-31 15:02:00+00:00,MSFT,509.0,512.94,40,120
2026-08-31 15:02:00+00:00,NVDA,219.34,219.36,100,700
2026-08-31 15:02:00+00:00,TSLA,363.82,365.75,40,40
2026-08-31 15:02:00+00:00,UNH,372.61,405.18,40,40
2026-08-31 15:02:00+00:00,XOM,158.01,159.35,500,100
2026-08-31 15:03:00+00:00,AAPL,315.37,315.48,40,200
2026-08-31 15:03:00+00:00,AMZN,261.05,261.63,200,200
2026-08-31 15:03:00+00:00,GOOGL,337.86,338.65,120,40
2026-08-31 15:03:00+00:00,JPM,355.42,355.72,40,80
2026-08-31 15:03:00+00:00,META,571.37,572.4,80,80
2026-08-31 15:03:00+00:00,MSFT,509.0,512.94,40,120
2026-08-31 15:03:00+00:00,NVDA,219.26,219.41,100,600
2026-08-31 15:03:00+00:00,TSLA,364.0,364.31,40,40
2026-08-31 15:03:00+00:00,UNH,372.61,391.09,40,40
2026-08-31 15:03:00+00:00,XOM,158.01,159.3,500,100
2026-08-31 15:04:00+00:00,AAPL,315.21,315.25,40,80
2026-08-31 15:04:00+00:00,AMZN,261.17,261.23,100,100
2026-08-31 15:04:00+00:00,GOOGL,338.17,338.65,80,40
2026-08-31 15:04:00+00:00,JPM,355.37,355.6,40,40
2026-08-31 15:04:00+00:00,META,571.37,577.36,80,80
2026-08-31 15:04:00+00:00,MSFT,509.0,511.43,40,40
2026-08-31 15:04:00+00:00,NVDA,219.39,219.42,500,700
2026-08-31 15:04:00+00:00,TSLA,364.41,365.75,40,40
2026-08-31 15:04:00+00:00,UNH,388.89,390.75,40,80
2026-08-31 15:04:00+00:00,XOM,158.04,159.37,100,100
2026-08-31 15:05:00+00:00,AAPL,314.41,315.21,80,40
2026-08-31 15:05:00+00:00,AMZN,261.1,261.19,100,100
2026-08-31 15:05:00+00:00,GOOGL,338.44,338.65,40,40
2026-08-31 15:05:00+00:00,JPM,355.37,375.53,40,40
2026-08-31 15:05:00+00:00,META,571.37,577.36,80,80
2026-08-31 15:05:00+00:00,MSFT,509.85,511.3,40,40
2026-08-31 15:05:00+00:00,NVDA,219.51,219.54,700,800
2026-08-31 15:05:00+00:00,TSLA,364.9,366.2,40,120
2026-08-31 15:05:00+00:00,UNH,388.89,405.18,40,40
2026-08-31 15:05:00+00:00,XOM,159.2,159.41,100,100
2026-08-31 15:06:00+00:00,AAPL,315.3,315.35,120,80
2026-08-31 15:06:00+00:00,AMZN,261.4,261.63,100,100
2026-08-31 15:06:00+00:00,GOOGL,338.17,338.85,40,40
2026-08-31 15:06:00+00:00,JPM,355.42,355.72,40,40
2026-08-31 15:06:00+00:00,META,571.37,577.36,80,80
2026-08-31 15:06:00+00:00,MSFT,509.85,511.66,40,40
2026-08-31 15:06:00+00:00,NVDA,219.82,219.85,600,600
2026-08-31 15:06:00+00:00,TSLA,364.81,366.2,40,120
2026-08-31 15:06:00+00:00,UNH,390.37,390.84,40,40
2026-08-31 15:06:00+00:00,XOM,159.39,160.0,100,200
2026-08-31 15:07:00+00:00,AAPL,315.18,315.22,120,80
2026-08-31 15:07:00+00:00,AMZN,261.31,261.39,200,100
2026-08-31 15:07:00+00:00,GOOGL,338.17,338.49,40,40
2026-08-31 15:07:00+00:00,JPM,355.24,355.52,40,40
2026-08-31 15:07:00+00:00,META,571.37,571.91,80,80
2026-08-31 15:07:00+00:00,MSFT,509.85,511.79,40,40
2026-08-31 15:07:00+00:00,NVDA,219.49,219.51,100,700
2026-08-31 15:07:00+00:00,TSLA,363.0,364.6,80,80
2026-08-31 15:07:00+00:00,UNH,388.89,390.9,40,40
2026-08-31 15:07:00+00:00,XOM,159.2,160.0,100,200
2026-08-31 15:08:00+00:00,AAPL,315.18,315.23,120,120
2026-08-31 15:08:00+00:00,AMZN,261.38,261.47,100,100
2026-08-31 15:08:00+00:00,GOOGL,338.48,338.61,40,40
2026-08-31 15:08:00+00:00,JPM,355.28,355.36,80,40
2026-08-31 15:08:00+00:00,META,569.48,571.91,80,80
2026-08-31 15:08:00+00:00,MSFT,509.85,511.6,40,40
2026-08-31 15:08:00+00:00,NVDA,219.54,219.55,100,200
2026-08-31 15:08:00+00:00,TSLA,364.4,365.13,80,80
2026-08-31 15:08:00+00:00,UNH,388.89,405.18,40,40
2026-08-31 15:08:00+00:00,XOM,159.2,160.0,100,200
2026-08-31 15:09:00+00:00,AAPL,315.43,315.54,80,40
2026-08-31 15:09:00+00:00,AMZN,261.41,261.63,100,100
2026-08-31 15:09:00+00:00,GOOGL,338.17,338.45,40,40
2026-08-31 15:09:00+00:00,JPM,355.35,355.48,80,80
2026-08-31 15:09:00+00:00,META,571.63,572.17,80,40
2026-08-31 15:09:00+00:00,MSFT,509.85,512.94,40,120
2026-08-31 15:09:00+00:00,NVDA,219.35,219.63,600,100
2026-08-31 15:09:00+00:00,TSLA,363.0,365.13,80,80
2026-08-31 15:09:00+00:00,UNH,390.9,405.18,40,40
2026-08-31 15:09:00+00:00,XOM,159.3,159.36,100,100
2026-08-31 15:10:00+00:00,AAPL,315.53,315.56,40,120
2026-08-31 15:10:00+00:00,AMZN,261.61,261.65,100,100
2026-08-31 15:10:00+00:00,GOOGL,338.69,339.0,40,120
2026-08-31 15:10:00+00:00,JPM,355.24,355.48,40,80
2026-08-31 15:10:00+00:00,META,571.63,573.0,80,40
2026-08-31 15:10:00+00:00,MSFT,509.85,512.94,40,120
2026-08-31 15:10:00+00:00,NVDA,219.32,219.34,200,600
2026-08-31 15:10:00+00:00,TSLA,365.1,366.2,40,120
2026-08-31 15:10:00+00:00,UNH,390.83,405.18,40,40
2026-08-31 15:10:00+00:00,XOM,159.07,159.21,100,100
2026-08-31 15:11:00+00:00,AAPL,315.35,315.38,80,80
2026-08-31 15:11:00+00:00,AMZN,261.54,261.64,100,100
2026-08-31 15:11:00+00:00,GOOGL,337.87,338.81,40,40
2026-08-31 15:11:00+00:00,JPM,355.1,355.28,40,40
2026-08-31 15:11:00+00:00,META,571.44,573.0,80,40
2026-08-31 15:11:00+00:00,MSFT,509.85,512.94,40,120
2026-08-31 15:11:00+00:00,NVDA,219.18,219.21,100,400
2026-08-31 15:11:00+00:00,TSLA,363.0,366.2,80,120
2026-08-31 15:11:00+00:00,UNH,390.83,405.18,40,40
2026-08-31 15:11:00+00:00,XOM,158.02,159.19,100,100
2026-08-31 15:12:00+00:00,AAPL,315.33,315.36,80,80
2026-08-31 15:12:00+00:00,AMZN,261.7,261.77,100,100
2026-08-31 15:12:00+00:00,GOOGL,337.58,338.86,40,40
2026-08-31 15:12:00+00:00,JPM,355.23,355.42,40,80
2026-08-31 15:12:00+00:00,META,571.44,573.16,80,40
2026-08-31 15:12:00+00:00,MSFT,509.85,511.48,40,40
2026-08-31 15:12:00+00:00,NVDA,219.23,219.25,500,100
2026-08-31 15:12:00+00:00,TSLA,363.0,365.1,80,40
2026-08-31 15:12:00+00:00,UNH,390.83,405.18,40,40
2026-08-31 15:12:00+00:00,XOM,158.01,159.27,500,100
2026-08-31 15:13:00+00:00,AAPL,315.24,315.29,160,120
2026-08-31 15:13:00+00:00,AMZN,261.6,261.68,100,100
2026-08-31 15:13:00+00:00,GOOGL,338.67,339.0,40,120
2026-08-31 15:13:00+00:00,JPM,355.1,355.43,40,40
2026-08-31 15:13:00+00:00,META,571.44,572.9,80,40
2026-08-31 15:13:00+00:00,MSFT,510.59,510.78,40,40
2026-08-31 15:13:00+00:00,NVDA,219.19,219.22,500,700
2026-08-31 15:13:00+00:00,TSLA,365.14,365.52,40,40
2026-08-31 15:13:00+00:00,UNH,390.83,405.18,40,80
2026-08-31 15:13:00+00:00,XOM,158.04,159.16,100,100
2026-08-31 15:14:00+00:00,AAPL,315.3,315.4,80,40
2026-08-31 15:14:00+00:00,AMZN,261.65,261.71,100,400
2026-08-31 15:14:00+00:00,GOOGL,337.58,339.0,40,120
2026-08-31 15:14:00+00:00,JPM,355.1,355.76,40,40
2026-08-31 15:14:00+00:00,META,571.44,572.9,80,40
2026-08-31 15:14:00+00:00,MSFT,509.85,512.94,40,120
2026-08-31 15:14:00+00:00,NVDA,219.24,219.27,500,1300
2026-08-31 15:14:00+00:00,TSLA,363.0,364.94,80,40
2026-08-31 15:14:00+00:00,UNH,390.83,405.18,40,40
2026-08-31 15:14:00+00:00,XOM,159.09,160.5,100,200
2026-08-31 15:15:00+00:00,AAPL,315.32,315.37,80,120
2026-08-31 15:15:00+00:00,AMZN,261.57,261.62,100,100
2026-08-31 15:15:00+00:00,GOOGL,338.89,339.15,40,40
2026-08-31 15:15:00+00:00,JPM,355.1,355.42,40,40
2026-08-31 15:15:00+00:00,META,572.51,577.36,80,80
2026-08-31 15:15:00+00:00,MSFT,509.85,512.94,40,120
2026-08-31 15:15:00+00:00,NVDA,219.26,219.35,100,400
2026-08-31 15:15:00+00:00,TSLA,365.06,365.52,40,40
2026-08-31 15:15:00+00:00,UNH,390.83,405.18,80,40
2026-08-31 15:15:00+00:00,XOM,158.03,159.17,100,100
2026-08-31 15:16:00+00:00,AAPL,315.14,315.28,80,40
2026-08-31 15:16:00+00:00,AMZN,261.3,261.36,100,100
2026-08-31 15:16:00+00:00,GOOGL,338.36,339.02,40,160
2026-08-31 15:16:00+00:00,JPM,355.1,355.36,40,40
2026-08-31 15:16:00+00:00,META,571.44,572.81,80,120
2026-08-31 15:16:00+00:00,MSFT,509.85,512.94,40,120
2026-08-31 15:16:00+00:00,NVDA,219.24,219.26,100,600
2026-08-31 15:16:00+00:00,TSLA,364.7,364.96,40,40
2026-08-31 15:16:00+00:00,UNH,390.83,405.18,40,40
2026-08-31 15:16:00+00:00,XOM,159.11,159.15,100,100
2026-08-31 15:17:00+00:00,AAPL,315.06,315.28,40,40
2026-08-31 15:17:00+00:00,AMZN,261.37,262.11,100,200
2026-08-31 15:17:00+00:00,GOOGL,338.65,339.18,40,40
2026-08-31 15:17:00+00:00,JPM,355.1,355.39,40,40
2026-08-31 15:17:00+00:00,META,571.44,572.81,80,120
2026-08-31 15:17:00+00:00,MSFT,509.85,512.94,40,120
2026-08-31 15:17:00+00:00,NVDA,219.31,219.33,100,400
2026-08-31 15:17:00+00:00,TSLA,363.0,364.96,120,40
2026-08-31 15:17:00+00:00,UNH,390.83,405.18,40,40
2026-08-31 15:17:00+00:00,XOM,159.09,159.14,100,100
2026-08-31 15:18:00+00:00,AAPL,315.06,315.26,80,40
2026-08-31 15:18:00+00:00,AMZN,261.42,261.48,100,100
2026-08-31 15:18:00+00:00,GOOGL,338.6,338.74,40,40
2026-08-31 15:18:00+00:00,JPM,355.1,355.35,40,40
2026-08-31 15:18:00+00:00,META,571.44,572.5,80,40
2026-08-31 15:18:00+00:00,MSFT,509.85,512.94,40,160
2026-08-31 15:18:00+00:00,NVDA,219.37,219.4,600,700
2026-08-31 15:18:00+00:00,TSLA,363.0,364.96,80,40
2026-08-31 15:18:00+00:00,UNH,390.92,405.18,40,40
2026-08-31 15:18:00+00:00,XOM,159.06,159.11,100,100
2026-08-31 15:19:00+00:00,AAPL,315.17,315.26,40,40
2026-08-31 15:19:00+00:00,AMZN,261.52,262.11,100,200
2026-08-31 15:19:00+00:00,GOOGL,338.67,338.89,40,160
2026-08-31 15:19:00+00:00,JPM,355.1,355.37,40,40
2026-08-31 15:19:00+00:00,META,572.13,572.51,40,80
2026-08-31 15:19:00+00:00,MSFT,509.85,512.94,40,160
2026-08-31 15:19:00+00:00,NVDA,219.67,219.7,200,400
2026-08-31 15:19:00+00:00,TSLA,363.0,364.96,80,40
2026-08-31 15:19:00+00:00,UNH,391.1,405.18,40,40
2026-08-31 15:19:00+00:00,XOM,159.08,160.5,100,200
2026-08-31 15:20:00+00:00,AAPL,314.99,315.15,40,40
2026-08-31 15:20:00+00:00,AMZN,261.33,261.4,200,100
2026-08-31 15:20:00+00:00,GOOGL,338.41,339.26,80,40
2026-08-31 15:20:00+00:00,JPM,355.21,355.42,40,80
2026-08-31 15:20:00+00:00,META,572.12,572.43,40,40
2026-08-31 15:20:00+00:00,MSFT,509.85,511.75,40,40
2026-08-31 15:20:00+00:00,NVDA,219.76,219.79,900,600
2026-08-31 15:20:00+00:00,TSLA,363.0,364.96,80,40
2026-08-31 15:20:00+00:00,UNH,390.88,405.18,40,40
2026-08-31 15:20:00+00:00,XOM,158.03,160.5,100,200
2026-08-31 15:21:00+00:00,AAPL,314.43,315.23,40,80
2026-08-31 15:21:00+00:00,AMZN,261.33,261.51,100,200
2026-08-31 15:21:00+00:00,GOOGL,338.91,339.07,40,120
2026-08-31 15:21:00+00:00,JPM,355.21,355.76,40,40
2026-08-31 15:21:00+00:00,META,572.12,573.29,40,80
2026-08-31 15:21:00+00:00,MSFT,509.85,511.75,40,40
2026-08-31 15:21:00+00:00,NVDA,220.09,220.11,100,800
2026-08-31 15:21:00+00:00,TSLA,364.73,365.17,80,40
2026-08-31 15:21:00+00:00,UNH,390.84,405.18,40,40
2026-08-31 15:21:00+00:00,XOM,159.16,160.5,100,200
2026-08-31 15:22:00+00:00,AAPL,315.25,315.46,40,80
2026-08-31 15:22:00+00:00,AMZN,261.33,261.4,100,100
2026-08-31 15:22:00+00:00,GOOGL,338.73,338.9,80,40
2026-08-31 15:22:00+00:00,JPM,355.4,355.71,40,40
2026-08-31 15:22:00+00:00,META,572.12,573.29,120,80
2026-08-31 15:22:00+00:00,MSFT,509.85,511.2,40,40
2026-08-31 15:22:00+00:00,NVDA,220.03,220.06,100,500
2026-08-31 15:22:00+00:00,TSLA,363.0,365.17,80,40
2026-08-31 15:22:00+00:00,UNH,390.89,405.18,40,40
2026-08-31 15:22:00+00:00,XOM,159.17,159.22,100,100
2026-08-31 15:23:00+00:00,AAPL,315.16,315.31,40,240
2026-08-31 15:23:00+00:00,AMZN,261.41,261.46,100,100
2026-08-31 15:23:00+00:00,GOOGL,338.84,339.07,40,160
2026-08-31 15:23:00+00:00,JPM,354.0,355.58,120,40
2026-08-31 15:23:00+00:00,META,572.12,573.29,120,80
2026-08-31 15:23:00+00:00,MSFT,509.85,511.75,40,40
2026-08-31 15:23:00+00:00,NVDA,220.06,220.09,700,500
2026-08-31 15:23:00+00:00,TSLA,363.0,365.17,80,40
2026-08-31 15:23:00+00:00,UNH,390.45,405.18,40,40
2026-08-31 15:23:00+00:00,XOM,158.09,160.5,100,200
2026-08-31 15:24:00+00:00,AAPL,315.04,315.08,80,80
2026-08-31 15:24:00+00:00,AMZN,261.63,262.11,100,200
2026-08-31 15:24:00+00:00,GOOGL,338.85,339.26,40,40
2026-08-31 15:24:00+00:00,JPM,354.0,355.76,120,40
2026-08-31 15:24:00+00:00,META,572.43,573.29,80,80
2026-08-31 15:24:00+00:00,MSFT,511.35,511.61,40,80
2026-08-31 15:24:00+00:00,NVDA,220.2,220.22,600,500
2026-08-31 15:24:00+00:00,TSLA,363.8,363.89,40,240
2026-08-31 15:24:00+00:00,UNH,389.86,405.18,40,40
2026-08-31 15:24:00+00:00,XOM,159.02,160.5,100,200
2026-08-31 15:25:00+00:00,AAPL,314.97,315.02,120,160
2026-08-31 15:25:00+00:00,AMZN,261.59,261.74,100,100
2026-08-31 15:25:00+00:00,GOOGL,338.81,339.1,80,160
2026-08-31 15:25:00+00:00,JPM,354.0,355.59,120,40
2026-08-31 15:25:00+00:00,META,572.12,573.29,120,80
2026-08-31 15:25:00+00:00,MSFT,511.15,511.41,40,80
2026-08-31 15:25:00+00:00,NVDA,220.01,220.25,600,100
2026-08-31 15:25:00+00:00,TSLA,363.0,365.17,120,40
2026-08-31 15:25:00+00:00,UNH,391.35,405.18,40,40
2026-08-31 15:25:00+00:00,XOM,159.27,160.44,100,100
2026-08-31 15:26:00+00:00,AAPL,315.02,315.49,80,80
2026-08-31 15:26:00+00:00,AMZN,261.6,261.74,100,100
2026-08-31 15:26:00+00:00,GOOGL,338.91,339.15,40,40
2026-08-31 15:26:00+00:00,JPM,354.0,355.59,120,40
2026-08-31 15:26:00+00:00,META,571.44,573.29,80,80
2026-08-31 15:26:00+00:00,MSFT,509.85,511.92,40,40
2026-08-31 15:26:00+00:00,NVDA,220.18,220.21,100,600
2026-08-31 15:26:00+00:00,TSLA,363.0,365.17,80,40
2026-08-31 15:26:00+00:00,UNH,388.89,405.18,40,80
2026-08-31 15:26:00+00:00,XOM,159.18,159.29,100,100
2026-08-31 15:27:00+00:00,AAPL,314.92,314.98,40,200
2026-08-31 15:27:00+00:00,AMZN,261.62,261.68,100,100
2026-08-31 15:27:00+00:00,GOOGL,338.6,339.15,40,40
2026-08-31 15:27:00+00:00,JPM,354.0,355.65,120,40
2026-08-31 15:27:00+00:00,META,571.33,573.29,80,80
2026-08-31 15:27:00+00:00,MSFT,510.86,511.09,40,40
2026-08-31 15:27:00+00:00,NVDA,220.24,220.27,700,400
2026-08-31 15:27:00+00:00,TSLA,363.88,365.17,40,40
2026-08-31 15:27:00+00:00,UNH,388.89,405.18,40,80
2026-08-31 15:27:00+00:00,XOM,159.21,159.29,100,100
2026-08-31 15:28:00+00:00,AAPL,315.04,315.11,120,80
2026-08-31 15:28:00+00:00,AMZN,261.5,261.55,100,100
2026-08-31 15:28:00+00:00,GOOGL,338.6,338.85,40,40
2026-08-31 15:28:00+00:00,JPM,354.0,355.69,120,40
2026-08-31 15:28:00+00:00,META,571.33,573.29,80,80
2026-08-31 15:28:00+00:00,MSFT,509.85,511.09,40,40
2026-08-31 15:28:00+00:00,NVDA,220.41,220.43,700,100
2026-08-31 15:28:00+00:00,TSLA,364.2,365.17,40,40
2026-08-31 15:28:00+00:00,UNH,388.89,405.18,40,40
2026-08-31 15:28:00+00:00,XOM,158.03,159.26,100,100
2026-08-31 15:29:00+00:00,AAPL,315.03,315.07,80,120
2026-08-31 15:29:00+00:00,AMZN,261.51,261.59,100,100
2026-08-31 15:29:00+00:00,GOOGL,338.62,338.85,40,40
2026-08-31 15:29:00+00:00,JPM,354.0,355.49,120,160
2026-08-31 15:29:00+00:00,META,571.5,571.86,80,40
2026-08-31 15:29:00+00:00,MSFT,509.85,511.09,40,40
2026-08-31 15:29:00+00:00,NVDA,220.25,220.28,500,500
2026-08-31 15:29:00+00:00,TSLA,363.0,365.17,80,40
2026-08-31 15:29:00+00:00,UNH,391.03,405.18,80,40
2026-08-31 15:29:00+00:00,XOM,159.26,160.44,100,100
2026-08-31 15:30:00+00:00,AAPL,314.93,314.95,80,40
2026-08-31 15:30:00+00:00,AMZN,261.22,261.3,200,200
2026-08-31 15:30:00+00:00,GOOGL,338.15,338.65,40,40
2026-08-31 15:30:00+00:00,JPM,354.0,355.71,120,40
2026-08-31 15:30:00+00:00,META,570.92,571.27,80,40
2026-08-31 15:30:00+00:00,MSFT,510.29,511.09,40,40
2026-08-31 15:30:00+00:00,NVDA,219.91,219.94,500,500
2026-08-31 15:30:00+00:00,TSLA,363.81,363.93,40,40
2026-08-31 15:30:00+00:00,UNH,391.02,405.18,40,40
2026-08-31 15:30:00+00:00,XOM,159.3,160.41,200,100
2026-08-31 15:31:00+00:00,AAPL,314.82,315.16,160,40
2026-08-31 15:31:00+00:00,AMZN,260.91,261.0,100,100
2026-08-31 15:31:00+00:00,GOOGL,338.01,338.15,80,40
2026-08-31 15:31:00+00:00,JPM,354.0,355.72,120,40
2026-08-31 15:31:00+00:00,META,570.6,571.27,80,80
2026-08-31 15:31:00+00:00,MSFT,509.85,511.09,40,40
2026-08-31 15:31:00+00:00,NVDA,219.91,219.94,500,600
2026-08-31 15:31:00+00:00,TSLA,357.4,365.17,40,40
2026-08-31 15:31:00+00:00,UNH,391.0,405.18,40,40
2026-08-31 15:31:00+00:00,XOM,158.01,159.32,500,100
2026-08-31 15:32:00+00:00,AAPL,314.82,314.89,120,80
2026-08-31 15:32:00+00:00,AMZN,260.94,260.99,100,100
2026-08-31 15:32:00+00:00,GOOGL,338.01,338.64,80,40
2026-08-31 15:32:00+00:00,JPM,354.0,355.7,120,120
2026-08-31 15:32:00+00:00,META,570.53,571.2,80,160
2026-08-31 15:32:00+00:00,MSFT,509.0,510.25,40,40
2026-08-31 15:32:00+00:00,NVDA,219.78,219.8,700,100
2026-08-31 15:32:00+00:00,TSLA,363.25,363.57,40,80
2026-08-31 15:32:00+00:00,UNH,391.2,405.18,40,40
2026-08-31 15:32:00+00:00,XOM,159.18,159.23,100,100
2026-08-31 15:33:00+00:00,AAPL,314.7,314.82,40,40
2026-08-31 15:33:00+00:00,AMZN,260.83,260.99,100,100
2026-08-31 15:33:00+00:00,GOOGL,338.03,338.64,40,40
2026-08-31 15:33:00+00:00,JPM,354.0,355.7,120,120
2026-08-31 15:33:00+00:00,META,570.53,571.26,80,40
2026-08-31 15:33:00+00:00,MSFT,510.25,512.94,40,120
2026-08-31 15:33:00+00:00,NVDA,219.82,219.84,200,600
2026-08-31 15:33:00+00:00,TSLA,357.4,365.17,40,40
2026-08-31 15:33:00+00:00,UNH,391.2,405.18,120,40
2026-08-31 15:33:00+00:00,XOM,159.21,159.98,100,100
2026-08-31 15:34:00+00:00,AAPL,315.07,315.11,80,40
2026-08-31 15:34:00+00:00,AMZN,260.95,261.03,100,100
2026-08-31 15:34:00+00:00,GOOGL,337.91,338.23,40,40
2026-08-31 15:34:00+00:00,JPM,355.52,355.7,40,40
2026-08-31 15:34:00+00:00,META,570.53,571.47,80,80
2026-08-31 15:34:00+00:00,MSFT,509.99,510.52,40,40
2026-08-31 15:34:00+00:00,NVDA,219.79,219.82,600,600
2026-08-31 15:34:00+00:00,TSLA,357.4,363.36,40,40
2026-08-31 15:34:00+00:00,UNH,391.41,405.18,40,40
2026-08-31 15:34:00+00:00,XOM,159.28,159.33,100,100
2026-08-31 15:35:00+00:00,AAPL,315.0,315.05,160,80
2026-08-31 15:35:00+00:00,AMZN,261.0,261.09,100,100
2026-08-31 15:35:00+00:00,GOOGL,338.37,338.68,40,40
2026-08-31 15:35:00+00:00,JPM,354.0,355.82,120,40
2026-08-31 15:35:00+00:00,META,571.3,571.61,40,80
2026-08-31 15:35:00+00:00,MSFT,509.99,510.52,40,40
2026-08-31 15:35:00+00:00,NVDA,219.75,219.79,700,200
2026-08-31 15:35:00+00:00,TSLA,363.57,363.64,80,40
2026-08-31 15:35:00+00:00,UNH,391.42,405.18,40,40
2026-08-31 15:35:00+00:00,XOM,159.33,160.0,100,300
2026-08-31 15:36:00+00:00,AAPL,314.9,314.93,40,80
2026-08-31 15:36:00+00:00,AMZN,261.07,261.23,100,100
2026-08-31 15:36:00+00:00,GOOGL,338.3,338.62,40,120
2026-08-31 15:36:00+00:00,JPM,354.0,355.8,120,40
2026-08-31 15:36:00+00:00,META,571.12,577.58,80,80
2026-08-31 15:36:00+00:00,MSFT,509.99,512.94,40,120
2026-08-31 15:36:00+00:00,NVDA,219.72,219.74,500,500
2026-08-31 15:36:00+00:00,TSLA,364.07,365.17,40,40
2026-08-31 15:36:00+00:00,UNH,391.36,405.18,40,40
2026-08-31 15:36:00+00:00,XOM,159.3,159.36,100,100
2026-08-31 15:37:00+00:00,AAPL,314.57,315.04,40,40
2026-08-31 15:37:00+00:00,AMZN,260.83,261.14,100,100
2026-08-31 15:37:00+00:00,GOOGL,338.33,338.61,40,120
2026-08-31 15:37:00+00:00,JPM,354.0,355.7,120,40
2026-08-31 15:37:00+00:00,META,570.53,577.58,80,80
2026-08-31 15:37:00+00:00,MSFT,510.42,510.95,40,40
2026-08-31 15:37:00+00:00,NVDA,219.67,219.7,500,500
2026-08-31 15:37:00+00:00,TSLA,357.4,365.0,40,40
2026-08-31 15:37:00+00:00,UNH,390.77,405.18,40,40
2026-08-31 15:37:00+00:00,XOM,159.34,159.98,100,100
2026-08-31 15:38:00+00:00,AAPL,314.78,314.82,120,80
2026-08-31 15:38:00+00:00,AMZN,261.08,261.31,100,100
2026-08-31 15:38:00+00:00,GOOGL,338.25,338.66,80,160
2026-08-31 15:38:00+00:00,JPM,354.0,355.67,120,40
2026-08-31 15:38:00+00:00,META,571.47,577.58,80,80
2026-08-31 15:38:00+00:00,MSFT,510.28,510.95,40,40
2026-08-31 15:38:00+00:00,NVDA,219.79,219.82,600,600
2026-08-31 15:38:00+00:00,TSLA,363.8,364.32,120,40
2026-08-31 15:38:00+00:00,UNH,391.08,391.33,40,40
2026-08-31 15:38:00+00:00,XOM,158.06,159.24,100,100
2026-08-31 15:39:00+00:00,AAPL,314.57,314.73,40,120
2026-08-31 15:39:00+00:00,AMZN,261.09,261.13,100,100
2026-08-31 15:39:00+00:00,GOOGL,338.39,338.53,40,40
2026-08-31 15:39:00+00:00,JPM,355.64,355.82,40,40
2026-08-31 15:39:00+00:00,META,570.53,571.4,80,40
2026-08-31 15:39:00+00:00,MSFT,510.27,510.74,40,40
2026-08-31 15:39:00+00:00,NVDA,219.74,219.77,200,900
2026-08-31 15:39:00+00:00,TSLA,363.8,365.0,120,40
2026-08-31 15:39:00+00:00,UNH,390.99,391.33,40,40
2026-08-31 15:39:00+00:00,XOM,158.04,159.19,100,100
2026-08-31 15:40:00+00:00,AAPL,314.72,314.75,80,80
2026-08-31 15:40:00+00:00,AMZN,261.15,261.31,100,100
2026-08-31 15:40:00+00:00,GOOGL,338.44,338.73,40,120
2026-08-31 15:40:00+00:00,JPM,355.53,355.7,40,40
2026-08-31 15:40:00+00:00,META,570.53,577.58,80,80
2026-08-31 15:40:00+00:00,MSFT,510.6,510.82,40,40
2026-08-31 15:40:00+00:00,NVDA,219.62,219.64,100,800
2026-08-31 15:40:00+00:00,TSLA,364.26,365.0,80,40
2026-08-31 15:40:00+00:00,UNH,390.77,391.33,40,40
2026-08-31 15:40:00+00:00,XOM,159.12,159.16,100,100
2026-08-31 15:41:00+00:00,AAPL,314.43,314.79,40,80
2026-08-31 15:41:00+00:00,AMZN,261.15,261.31,100,100
2026-08-31 15:41:00+00:00,GOOGL,338.62,338.83,40,40
2026-08-31 15:41:00+00:00,JPM,354.0,355.89,120,40
2026-08-31 15:41:00+00:00,META,571.44,577.58,40,80
2026-08-31 15:41:00+00:00,MSFT,510.18,511.03,40,160
2026-08-31 15:41:00+00:00,NVDA,219.6,219.63,200,700
2026-08-31 15:41:00+00:00,TSLA,357.4,365.0,40,40
2026-08-31 15:41:00+00:00,UNH,390.77,391.33,40,40
2026-08-31 15:41:00+00:00,XOM,158.16,159.16,100,100
2026-08-31 15:42:00+00:00,AAPL,314.81,314.87,80,120
2026-08-31 15:42:00+00:00,AMZN,261.08,261.14,100,100
2026-08-31 15:42:00+00:00,GOOGL,338.63,338.83,80,40
2026-08-31 15:42:00+00:00,JPM,355.63,355.89,40,40
2026-08-31 15:42:00+00:00,META,571.75,577.58,80,80
2026-08-31 15:42:00+00:00,MSFT,511.07,511.35,40,40
2026-08-31 15:42:00+00:00,NVDA,219.56,219.58,200,600
2026-08-31 15:42:00+00:00,TSLA,364.06,365.0,40,40
2026-08-31 15:42:00+00:00,UNH,390.77,391.11,40,40
2026-08-31 15:42:00+00:00,XOM,158.16,159.06,100,100
2026-08-31 15:43:00+00:00,AAPL,314.74,314.76,40,80
2026-08-31 15:43:00+00:00,AMZN,261.01,261.06,100,100
2026-08-31 15:43:00+00:00,GOOGL,338.62,338.68,40,40
2026-08-31 15:43:00+00:00,JPM,354.0,355.83,120,80
2026-08-31 15:43:00+00:00,META,571.46,571.89,80,80
2026-08-31 15:43:00+00:00,MSFT,509.99,511.15,40,240
2026-08-31 15:43:00+00:00,NVDA,219.59,219.63,500,800
2026-08-31 15:43:00+00:00,TSLA,364.6,366.0,40,200
2026-08-31 15:43:00+00:00,UNH,390.96,391.33,40,40
2026-08-31 15:43:00+00:00,XOM,159.13,159.97,100,100
2026-08-31 15:44:00+00:00,AAPL,314.91,314.93,80,40
2026-08-31 15:44:00+00:00,AMZN,261.01,261.1,100,100
2026-08-31 15:44:00+00:00,GOOGL,338.46,338.77,40,160
2026-08-31 15:44:00+00:00,JPM,354.0,355.93,120,40
2026-08-31 15:44:00+00:00,META,571.43,577.58,80,80
2026-08-31 15:44:00+00:00,MSFT,510.84,511.27,40,240
2026-08-31 15:44:00+00:00,NVDA,219.71,219.73,400,200
2026-08-31 15:44:00+00:00,TSLA,364.69,365.0,40,40
2026-08-31 15:44:00+00:00,UNH,390.77,391.33,40,40
2026-08-31 15:44:00+00:00,XOM,158.16,159.18,100,100
2026-08-31 15:45:00+00:00,AAPL,314.68,314.72,80,160
2026-08-31 15:45:00+00:00,AMZN,261.05,261.1,100,100
2026-08-31 15:45:00+00:00,GOOGL,338.38,338.81,40,40
2026-08-31 15:45:00+00:00,JPM,354.0,355.93,120,40
2026-08-31 15:45:00+00:00,META,570.53,571.81,80,80
2026-08-31 15:45:00+00:00,MSFT,510.67,511.27,40,240
2026-08-31 15:45:00+00:00,NVDA,219.68,219.71,700,800
2026-08-31 15:45:00+00:00,TSLA,364.91,365.2,40,80
2026-08-31 15:45:00+00:00,UNH,390.77,405.18,40,40
2026-08-31 15:45:00+00:00,XOM,158.16,159.5,100,300
2026-08-31 15:46:00+00:00,AAPL,314.82,314.85,80,120
2026-08-31 15:46:00+00:00,AMZN,261.09,261.15,100,100
2026-08-31 15:46:00+00:00,GOOGL,338.43,338.81,40,40
2026-08-31 15:46:00+00:00,JPM,354.0,375.53,120,40
2026-08-31 15:46:00+00:00,META,570.53,572.09,80,40
2026-08-31 15:46:00+00:00,MSFT,510.67,511.27,80,240
2026-08-31 15:46:00+00:00,NVDA,219.86,219.89,600,700
2026-08-31 15:46:00+00:00,TSLA,365.44,366.0,40,200
2026-08-31 15:46:00+00:00,UNH,390.77,405.18,40,40
2026-08-31 15:46:00+00:00,XOM,158.16,159.46,100,100
2026-08-31 15:47:00+00:00,AAPL,314.75,314.79,80,80
2026-08-31 15:47:00+00:00,AMZN,260.5,260.89,100,100
2026-08-31 15:47:00+00:00,GOOGL,338.25,338.5,40,40
2026-08-31 15:47:00+00:00,JPM,354.0,355.81,120,40
2026-08-31 15:47:00+00:00,META,570.53,571.8,80,80
2026-08-31 15:47:00+00:00,MSFT,509.99,511.27,40,240
2026-08-31 15:47:00+00:00,NVDA,219.72,219.74,600,100
2026-08-31 15:47:00+00:00,TSLA,357.4,366.0,40,200
2026-08-31 15:47:00+00:00,UNH,390.77,405.18,40,80
2026-08-31 15:47:00+00:00,XOM,158.16,159.2,100,100
2026-08-31 15:48:00+00:00,AAPL,314.74,314.77,40,80
2026-08-31 15:48:00+00:00,AMZN,260.88,260.93,100,100
2026-08-31 15:48:00+00:00,GOOGL,338.25,338.73,40,120
2026-08-31 15:48:00+00:00,JPM,354.0,355.89,120,40
2026-08-31 15:48:00+00:00,META,571.43,571.95,80,80
2026-08-31 15:48:00+00:00,MSFT,509.99,510.78,40,40
2026-08-31 15:48:00+00:00,NVDA,219.83,219.85,100,500
2026-08-31 15:48:00+00:00,TSLA,357.4,366.0,40,200
2026-08-31 15:48:00+00:00,UNH,390.77,405.18,40,40
2026-08-31 15:48:00+00:00,XOM,159.2,159.25,100,100
2026-08-31 15:49:00+00:00,AAPL,314.91,314.93,40,40
2026-08-31 15:49:00+00:00,AMZN,260.91,260.95,100,100
2026-08-31 15:49:00+00:00,GOOGL,338.25,338.46,40,40
2026-08-31 15:49:00+00:00,JPM,354.0,355.79,120,40
2026-08-31 15:49:00+00:00,META,570.53,577.58,80,80
2026-08-31 15:49:00+00:00,MSFT,510.25,510.78,40,40
2026-08-31 15:49:00+00:00,NVDA,219.98,220.0,100,600
2026-08-31 15:49:00+00:00,TSLA,357.4,366.0,40,200
2026-08-31 15:49:00+00:00,UNH,390.77,391.33,40,40
2026-08-31 15:49:00+00:00,XOM,158.16,159.13,100,200
2026-08-31 15:50:00+00:00,AAPL,314.44,314.95,40,40
2026-08-31 15:50:00+00:00,AMZN,260.99,261.3,100,100
2026-08-31 15:50:00+00:00,GOOGL,338.25,338.81,40,40
2026-08-31 15:50:00+00:00,JPM,354.0,355.79,120,40
2026-08-31 15:50:00+00:00,META,570.53,577.58,80,80
2026-08-31 15:50:00+00:00,MSFT,510.52,511.27,40,280
2026-08-31 15:50:00+00:00,NVDA,220.19,220.21,200,500
2026-08-31 15:50:00+00:00,TSLA,366.43,367.5,80,80
2026-08-31 15:50:00+00:00,UNH,390.77,405.18,40,40
2026-08-31 15:50:00+00:00,XOM,159.03,159.07,100,100
2026-08-31 15:51:00+00:00,AAPL,314.45,314.97,40,120
2026-08-31 15:51:00+00:00,AMZN,261.15,261.22,100,100
2026-08-31 15:51:00+00:00,GOOGL,338.4,338.99,40,40
2026-08-31 15:51:00+00:00,JPM,354.0,375.53,120,40
2026-08-31 15:51:00+00:00,META,571.72,572.2,80,80
2026-08-31 15:51:00+00:00,MSFT,510.51,511.27,40,280
2026-08-31 15:51:00+00:00,NVDA,220.15,220.17,300,1200
2026-08-31 15:51:00+00:00,TSLA,357.4,367.5,40,80
2026-08-31 15:51:00+00:00,UNH,391.1,405.18,40,40
2026-08-31 15:51:00+00:00,XOM,158.16,159.02,100,100
2026-08-31 15:52:00+00:00,AAPL,314.98,315.01,80,80
2026-08-31 15:52:00+00:00,AMZN,261.18,261.25,100,100
2026-08-31 15:52:00+00:00,GOOGL,338.4,338.78,40,40
2026-08-31 15:52:00+00:00,JPM,354.0,355.81,120,40
2026-08-31 15:52:00+00:00,META,571.72,572.13,80,40
2026-08-31 15:52:00+00:00,MSFT,510.51,511.27,40,280
2026-08-31 15:52:00+00:00,NVDA,220.21,220.23,200,700
2026-08-31 15:52:00+00:00,TSLA,366.45,367.5,40,80
2026-08-31 15:52:00+00:00,UNH,391.09,405.18,40,40
2026-08-31 15:52:00+00:00,XOM,158.16,158.95,100,100
2026-08-31 15:53:00+00:00,AAPL,314.98,315.03,40,80
2026-08-31 15:53:00+00:00,AMZN,261.29,261.44,100,100
2026-08-31 15:53:00+00:00,GOOGL,338.67,338.99,40,40
2026-08-31 15:53:00+00:00,JPM,354.0,355.9,120,80
2026-08-31 15:53:00+00:00,META,571.64,572.6,80,80
2026-08-31 15:53:00+00:00,MSFT,510.51,511.27,80,280
2026-08-31 15:53:00+00:00,NVDA,220.13,220.15,600,600
2026-08-31 15:53:00+00:00,TSLA,366.74,367.5,40,80
2026-08-31 15:53:00+00:00,UNH,389.86,405.18,40,40
2026-08-31 15:53:00+00:00,XOM,158.99,159.05,100,100
2026-08-31 15:54:00+00:00,AAPL,314.9,314.95,40,40
2026-08-31 15:54:00+00:00,AMZN,261.42,261.47,100,100
2026-08-31 15:54:00+00:00,GOOGL,338.72,338.99,40,40
2026-08-31 15:54:00+00:00,JPM,354.0,355.98,160,40
2026-08-31 15:54:00+00:00,META,571.64,572.21,80,40
2026-08-31 15:54:00+00:00,MSFT,510.51,511.27,80,280
2026-08-31 15:54:00+00:00,NVDA,220.04,220.07,600,500
2026-08-31 15:54:00+00:00,TSLA,357.4,367.5,40,80
2026-08-31 15:54:00+00:00,UNH,390.78,390.93,40,40
2026-08-31 15:54:00+00:00,XOM,159.0,159.17,100,100
2026-08-31 15:55:00+00:00,AAPL,314.43,314.84,40,200
2026-08-31 15:55:00+00:00,AMZN,261.33,261.52,200,100
2026-08-31 15:55:00+00:00,GOOGL,338.59,338.99,40,40
2026-08-31 15:55:00+00:00,JPM,355.78,375.53,40,40
2026-08-31 15:55:00+00:00,META,571.5,571.99,80,80
2026-08-31 15:55:00+00:00,MSFT,510.51,511.27,80,280
2026-08-31 15:55:00+00:00,NVDA,219.84,219.87,600,400
2026-08-31 15:55:00+00:00,TSLA,357.4,367.03,40,80
2026-08-31 15:55:00+00:00,UNH,388.89,405.18,40,80
2026-08-31 15:55:00+00:00,XOM,158.16,158.92,100,100
2026-08-31 15:56:00+00:00,AAPL,314.43,314.76,40,80
2026-08-31 15:56:00+00:00,AMZN,261.07,261.14,100,100
2026-08-31 15:56:00+00:00,GOOGL,338.37,338.51,40,40
2026-08-31 15:56:00+00:00,JPM,355.78,355.9,40,80
2026-08-31 15:56:00+00:00,META,570.53,571.56,80,40
2026-08-31 15:56:00+00:00,MSFT,509.99,510.43,40,360
2026-08-31 15:56:00+00:00,NVDA,219.71,219.74,800,800
2026-08-31 15:56:00+00:00,TSLA,357.4,366.86,40,40
2026-08-31 15:56:00+00:00,UNH,388.64,405.18,120,40
2026-08-31 15:56:00+00:00,XOM,158.89,159.02,100,100
2026-08-31 15:57:00+00:00,AAPL,314.43,314.76,40,80
2026-08-31 15:57:00+00:00,AMZN,261.11,261.15,100,100
2026-08-31 15:57:00+00:00,GOOGL,338.25,338.51,40,40
2026-08-31 15:57:00+00:00,JPM,354.0,355.95,120,40
2026-08-31 15:57:00+00:00,META,571.09,571.43,80,40
2026-08-31 15:57:00+00:00,MSFT,510.16,510.36,40,40
2026-08-31 15:57:00+00:00,NVDA,219.73,219.77,100,500
2026-08-31 15:57:00+00:00,TSLA,366.45,366.86,40,40
2026-08-31 15:57:00+00:00,UNH,390.81,391.01,40,40
2026-08-31 15:57:00+00:00,XOM,158.22,159.02,100,100
2026-08-31 15:58:00+00:00,AAPL,314.77,314.85,80,40
2026-08-31 15:58:00+00:00,AMZN,260.97,261.26,100,100
2026-08-31 15:58:00+00:00,GOOGL,338.26,338.4,40,40
2026-08-31 15:58:00+00:00,JPM,354.0,357.62,120,320
2026-08-31 15:58:00+00:00,META,571.09,571.66,80,80
2026-08-31 15:58:00+00:00,MSFT,509.85,510.32,40,40
2026-08-31 15:58:00+00:00,NVDA,219.52,219.55,500,600
2026-08-31 15:58:00+00:00,TSLA,357.4,366.86,40,40
2026-08-31 15:58:00+00:00,UNH,390.76,405.18,40,40
2026-08-31 15:58:00+00:00,XOM,158.95,159.17,100,100
2026-08-31 15:59:00+00:00,AAPL,314.51,314.82,40,40
2026-08-31 15:59:00+00:00,AMZN,260.87,260.94,100,100
2026-08-31 15:59:00+00:00,GOOGL,338.08,338.18,40,40
2026-08-31 15:59:00+00:00,JPM,354.0,356.06,160,240
2026-08-31 15:59:00+00:00,META,570.53,571.25,80,120
2026-08-31 15:59:00+00:00,MSFT,509.0,510.13,40,40
2026-08-31 15:59:00+00:00,NVDA,219.49,219.57,100,500
2026-08-31 15:59:00+00:00,TSLA,365.39,366.86,40,40
2026-08-31 15:59:00+00:00,UNH,388.64,405.18,120,40
2026-08-31 15:59:00+00:00,XOM,158.99,159.17,100,100
2026-08-31 16:00:00+00:00,AAPL,314.54,314.64,40,120
2026-08-31 16:00:00+00:00,AMZN,260.86,261.02,100,100
2026-08-31 16:00:00+00:00,GOOGL,338.01,338.14,40,40
2026-08-31 16:00:00+00:00,JPM,354.0,356.06,160,120
2026-08-31 16:00:00+00:00,META,570.53,571.06,80,40
2026-08-31 16:00:00+00:00,MSFT,509.0,510.13,40,40
2026-08-31 16:00:00+00:00,NVDA,219.3,219.32,100,100
2026-08-31 16:00:00+00:00,TSLA,365.25,366.86,120,40
2026-08-31 16:00:00+00:00,UNH,388.89,405.18,40,40
2026-08-31 16:00:00+00:00,XOM,159.05,159.08,200,100
2026-08-31 16:01:00+00:00,AAPL,314.59,314.63,40,80
2026-08-31 16:01:00+00:00,AMZN,260.87,260.96,100,200
2026-08-31 16:01:00+00:00,GOOGL,338.07,338.14,40,40
2026-08-31 16:01:00+00:00,JPM,354.0,355.96,160,40
2026-08-31 16:01:00+00:00,META,570.37,571.25,80,120
2026-08-31 16:01:00+00:00,MSFT,509.64,510.13,40,40
2026-08-31 16:01:00+00:00,NVDA,219.14,219.16,100,900
2026-08-31 16:01:00+00:00,TSLA,364.7,366.86,80,40
2026-08-31 16:01:00+00:00,UNH,388.89,405.18,40,40
2026-08-31 16:01:00+00:00,XOM,159.03,159.07,100,100
2026-08-31 16:02:00+00:00,AAPL,314.45,314.56,40,80
2026-08-31 16:02:00+00:00,AMZN,260.84,260.88,100,100
2026-08-31 16:02:00+00:00,GOOGL,337.54,338.09,40,40
2026-08-31 16:02:00+00:00,JPM,354.0,355.85,120,40
2026-08-31 16:02:00+00:00,META,570.37,571.25,80,120
2026-08-31 16:02:00+00:00,MSFT,509.33,509.89,80,400
2026-08-31 16:02:00+00:00,NVDA,219.24,219.27,100,600
2026-08-31 16:02:00+00:00,TSLA,357.4,364.54,40,40
2026-08-31 16:02:00+00:00,UNH,388.64,405.18,120,40
2026-08-31 16:02:00+00:00,XOM,158.37,159.07,100,100
2026-08-31 16:03:00+00:00,AAPL,314.54,314.6,40,40
2026-08-31 16:03:00+00:00,AMZN,260.79,260.85,100,100
2026-08-31 16:03:00+00:00,GOOGL,337.54,338.1,40,40
2026-08-31 16:03:00+00:00,JPM,354.0,355.95,120,80
2026-08-31 16:03:00+00:00,META,570.37,577.58,80,80
2026-08-31 16:03:00+00:00,MSFT,509.33,511.35,80,40
2026-08-31 16:03:00+00:00,NVDA,219.34,219.36,400,800
2026-08-31 16:03:00+00:00,TSLA,357.4,363.92,40,40
2026-08-31 16:03:00+00:00,UNH,388.89,405.18,40,80
2026-08-31 16:03:00+00:00,XOM,158.97,159.46,100,100
2026-08-31 16:04:00+00:00,AAPL,314.36,314.43,120,40
2026-08-31 16:04:00+00:00,AMZN,260.79,260.84,100,100
2026-08-31 16:04:00+00:00,GOOGL,337.9,338.01,40,40
2026-08-31 16:04:00+00:00,JPM,354.0,357.62,120,320
2026-08-31 16:04:00+00:00,META,570.37,571.18,80,80
2026-08-31 16:04:00+00:00,MSFT,509.19,509.35,40,40
2026-08-31 16:04:00+00:00,NVDA,219.28,219.3,100,600
2026-08-31 16:04:00+00:00,TSLA,357.4,366.86,40,40
2026-08-31 16:04:00+00:00,UNH,391.22,405.18,40,80
2026-08-31 16:04:00+00:00,XOM,158.04,158.96,100,100
2026-08-31 16:05:00+00:00,AAPL,314.11,314.15,40,120
2026-08-31 16:05:00+00:00,AMZN,260.65,260.71,100,100
2026-08-31 16:05:00+00:00,GOOGL,337.8,337.92,40,40
2026-08-31 16:05:00+00:00,JPM,354.0,355.73,120,160
2026-08-31 16:05:00+00:00,META,570.08,577.58,80,80
2026-08-31 16:05:00+00:00,MSFT,509.0,509.62,40,40
2026-08-31 16:05:00+00:00,NVDA,219.28,219.31,700,700
2026-08-31 16:05:00+00:00,TSLA,363.87,366.86,80,40
2026-08-31 16:05:00+00:00,UNH,391.22,405.18,40,80
2026-08-31 16:05:00+00:00,XOM,158.84,158.9,100,100
2026-08-31 16:06:00+00:00,AAPL,314.13,314.17,80,80
2026-08-31 16:06:00+00:00,AMZN,260.92,260.98,200,100
2026-08-31 16:06:00+00:00,GOOGL,337.8,338.0,40,40
2026-08-31 16:06:00+00:00,JPM,354.0,355.73,160,160
2026-08-31 16:06:00+00:00,META,570.42,577.58,80,80
2026-08-31 16:06:00+00:00,MSFT,509.0,511.35,40,40
2026-08-31 16:06:00+00:00,NVDA,219.32,219.34,300,1200
2026-08-31 16:06:00+00:00,TSLA,357.4,366.86,40,80
2026-08-31 16:06:00+00:00,UNH,391.19,391.38,40,40
2026-08-31 16:06:00+00:00,XOM,158.81,158.87,100,100
2026-08-31 16:07:00+00:00,AAPL,314.03,314.07,120,80
2026-08-31 16:07:00+00:00,AMZN,260.95,260.99,100,100
2026-08-31 16:07:00+00:00,GOOGL,337.52,338.27,80,40
2026-08-31 16:07:00+00:00,JPM,354.0,355.52,120,160
2026-08-31 16:07:00+00:00,META,570.42,577.58,80,80
2026-08-31 16:07:00+00:00,MSFT,509.0,511.35,40,40
2026-08-31 16:07:00+00:00,NVDA,219.27,219.29,700,600
2026-08-31 16:07:00+00:00,TSLA,357.4,366.86,40,40
2026-08-31 16:07:00+00:00,UNH,388.64,405.18,120,80
2026-08-31 16:07:00+00:00,XOM,158.89,158.98,100,100
2026-08-31 16:08:00+00:00,AAPL,313.95,314.06,40,160
2026-08-31 16:08:00+00:00,AMZN,261.0,261.05,100,100
2026-08-31 16:08:00+00:00,GOOGL,338.1,338.23,40,40
2026-08-31 16:08:00+00:00,JPM,354.0,355.58,120,40
2026-08-31 16:08:00+00:00,META,570.42,570.99,80,80
2026-08-31 16:08:00+00:00,MSFT,509.48,511.35,80,40
2026-08-31 16:08:00+00:00,NVDA,219.28,219.3,800,700
2026-08-31 16:08:00+00:00,TSLA,363.71,366.86,40,40
2026-08-31 16:08:00+00:00,UNH,388.64,405.18,120,40
2026-08-31 16:08:00+00:00,XOM,159.0,159.46,100,100
2026-08-31 16:09:00+00:00,AAPL,314.0,314.02,40,80
2026-08-31 16:09:00+00:00,AMZN,261.04,261.09,100,100
2026-08-31 16:09:00+00:00,GOOGL,338.12,338.23,40,40
2026-08-31 16:09:00+00:00,JPM,354.0,355.73,120,160
2026-08-31 16:09:00+00:00,META,570.59,577.58,80,80
2026-08-31 16:09:00+00:00,MSFT,509.48,510.02,80,40
2026-08-31 16:09:00+00:00,NVDA,219.27,219.3,600,600
2026-08-31 16:09:00+00:00,TSLA,364.74,366.86,80,40
2026-08-31 16:09:00+00:00,UNH,388.64,405.18,120,80
2026-08-31 16:09:00+00:00,XOM,158.92,158.98,200,100
2026-08-31 16:10:00+00:00,AAPL,314.02,314.09,80,40
2026-08-31 16:10:00+00:00,AMZN,261.09,261.23,100,100
2026-08-31 16:10:00+00:00,GOOGL,338.0,338.41,40,40
2026-08-31 16:10:00+00:00,JPM,354.0,355.73,120,160
2026-08-31 16:10:00+00:00,META,570.88,577.58,80,80
2026-08-31 16:10:00+00:00,MSFT,509.48,511.35,80,40
2026-08-31 16:10:00+00:00,NVDA,219.59,219.61,700,100
2026-08-31 16:10:00+00:00,TSLA,365.51,366.86,80,40
2026-08-31 16:10:00+00:00,UNH,388.64,405.18,120,80
2026-08-31 16:10:00+00:00,XOM,158.04,158.92,100,100
2026-08-31 16:11:00+00:00,AAPL,314.16,314.19,40,80
2026-08-31 16:11:00+00:00,AMZN,261.19,261.27,100,100
2026-08-31 16:11:00+00:00,GOOGL,338.43,338.71,80,40
2026-08-31 16:11:00+00:00,JPM,354.0,355.77,120,80
2026-08-31 16:11:00+00:00,META,570.42,571.77,80,80
2026-08-31 16:11:00+00:00,MSFT,509.48,511.35,80,40
2026-08-31 16:11:00+00:00,NVDA,219.72,219.75,500,700
2026-08-31 16:11:00+00:00,TSLA,366.01,366.86,40,40
2026-08-31 16:11:00+00:00,UNH,388.64,405.18,120,80
2026-08-31 16:11:00+00:00,XOM,158.07,159.03,100,100
2026-08-31 16:12:00+00:00,AAPL,314.06,314.15,320,120
2026-08-31 16:12:00+00:00,AMZN,261.09,261.23,100,100
2026-08-31 16:12:00+00:00,GOOGL,338.42,338.72,80,160
2026-08-31 16:12:00+00:00,JPM,354.0,357.62,120,320
2026-08-31 16:12:00+00:00,META,570.42,571.24,80,40
2026-08-31 16:12:00+00:00,MSFT,509.48,511.35,80,40
2026-08-31 16:12:00+00:00,NVDA,219.65,219.67,200,600
2026-08-31 16:12:00+00:00,TSLA,364.5,366.86,80,40
2026-08-31 16:12:00+00:00,UNH,390.97,405.18,40,40
2026-08-31 16:12:00+00:00,XOM,158.99,159.04,100,100
2026-08-31 16:13:00+00:00,AAPL,314.06,314.21,320,80
2026-08-31 16:13:00+00:00,AMZN,261.14,261.18,100,100
2026-08-31 16:13:00+00:00,GOOGL,338.48,338.76,40,120
2026-08-31 16:13:00+00:00,JPM,354.0,357.62,120,320
2026-08-31 16:13:00+00:00,META,570.42,571.68,80,80
2026-08-31 16:13:00+00:00,MSFT,509.48,511.35,80,40
2026-08-31 16:13:00+00:00,NVDA,219.64,219.65,100,700
2026-08-31 16:13:00+00:00,TSLA,366.31,366.86,40,40
2026-08-31 16:13:00+00:00,UNH,389.0,405.18,40,40
2026-08-31 16:13:00+00:00,XOM,159.1,159.15,100,100
2026-08-31 16:14:00+00:00,AAPL,314.46,314.49,80,40
2026-08-31 16:14:00+00:00,AMZN,261.22,261.28,100,100
2026-08-31 16:14:00+00:00,GOOGL,338.46,338.61,80,40
2026-08-31 16:14:00+00:00,JPM,354.0,357.62,120,320
2026-08-31 16:14:00+00:00,META,570.42,571.68,80,80
2026-08-31 16:14:00+00:00,MSFT,510.49,510.61,40,40
2026-08-31 16:14:00+00:00,NVDA,219.7,219.73,600,600
2026-08-31 16:14:00+00:00,TSLA,366.29,366.86,40,40
2026-08-31 16:14:00+00:00,UNH,389.86,391.1,40,40
2026-08-31 16:14:00+00:00,XOM,158.09,160.5,100,200
2026-08-31 16:15:00+00:00,AAPL,314.42,314.46,40,120
2026-08-31 16:15:00+00:00,AMZN,261.3,261.45,100,100
2026-08-31 16:15:00+00:00,GOOGL,338.41,338.53,40,40
2026-08-31 16:15:00+00:00,JPM,354.0,355.6,120,120
2026-08-31 16:15:00+00:00,META,570.42,571.57,80,80
2026-08-31 16:15:00+00:00,MSFT,510.23,510.5,40,80
2026-08-31 16:15:00+00:00,NVDA,219.81,219.84,800,600
2026-08-31 16:15:00+00:00,TSLA,357.4,366.86,40,40
2026-08-31 16:15:00+00:00,UNH,388.64,405.18,120,80
2026-08-31 16:15:00+00:00,XOM,159.09,160.5,200,200
2026-08-31 16:16:00+00:00,AAPL,314.26,314.3,80,80
2026-08-31 16:16:00+00:00,AMZN,261.17,261.21,100,100
2026-08-31 16:16:00+00:00,GOOGL,338.33,338.53,80,40
2026-08-31 16:16:00+00:00,JPM,354.0,355.72,120,40
2026-08-31 16:16:00+00:00,META,570.42,571.57,80,80
2026-08-31 16:16:00+00:00,MSFT,510.34,510.81,40,40
2026-08-31 16:16:00+00:00,NVDA,219.83,219.92,500,100
2026-08-31 16:16:00+00:00,TSLA,366.24,366.66,40,40
2026-08-31 16:16:00+00:00,UNH,390.58,392.22,40,40
2026-08-31 16:16:00+00:00,XOM,158.16,160.5,100,200
2026-08-31 16:17:00+00:00,AAPL,313.87,314.17,40,160
2026-08-31 16:17:00+00:00,AMZN,260.95,261.03,100,100
2026-08-31 16:17:00+00:00,GOOGL,338.0,338.25,40,40
2026-08-31 16:17:00+00:00,JPM,355.65,355.72,40,80
2026-08-31 16:17:00+00:00,META,570.42,571.57,80,80
2026-08-31 16:17:00+00:00,MSFT,509.48,510.73,80,40
2026-08-31 16:17:00+00:00,NVDA,219.69,219.7,200,400
2026-08-31 16:17:00+00:00,TSLA,366.4,366.66,40,40
2026-08-31 16:17:00+00:00,UNH,390.58,405.18,40,80
2026-08-31 16:17:00+00:00,XOM,159.29,160.5,100,200
2026-08-31 16:18:00+00:00,AAPL,313.87,314.1,40,80
2026-08-31 16:18:00+00:00,AMZN,261.01,261.08,100,100
2026-08-31 16:18:00+00:00,GOOGL,338.1,338.21,40,80
2026-08-31 16:18:00+00:00,JPM,355.71,355.77,40,40
2026-08-31 16:18:00+00:00,META,570.42,571.3,80,40
2026-08-31 16:18:00+00:00,MSFT,509.48,510.81,80,40
2026-08-31 16:18:00+00:00,NVDA,219.65,219.67,500,600
2026-08-31 16:18:00+00:00,TSLA,366.31,366.66,40,40
2026-08-31 16:18:00+00:00,UNH,390.6,390.79,40,40
2026-08-31 16:18:00+00:00,XOM,159.32,160.5,100,200
2026-08-31 16:19:00+00:00,AAPL,314.23,314.27,160,80
2026-08-31 16:19:00+00:00,AMZN,261.01,261.07,100,100
2026-08-31 16:19:00+00:00,GOOGL,338.07,338.33,40,40
2026-08-31 16:19:00+00:00,JPM,355.73,355.78,40,120
2026-08-31 16:19:00+00:00,META,571.07,571.46,80,40
2026-08-31 16:19:00+00:00,MSFT,510.28,510.81,40,40
2026-08-31 16:19:00+00:00,NVDA,219.76,219.78,100,100
2026-08-31 16:19:00+00:00,TSLA,366.08,366.66,40,40
2026-08-31 16:19:00+00:00,UNH,390.6,405.18,40,40
2026-08-31 16:19:00+00:00,XOM,158.04,160.5,100,200
2026-08-31 16:20:00+00:00,AAPL,314.21,314.24,40,120
2026-08-31 16:20:00+00:00,AMZN,261.04,261.1,100,100
2026-08-31 16:20:00+00:00,GOOGL,338.18,338.31,80,40
2026-08-31 16:20:00+00:00,JPM,354.0,355.72,120,40
2026-08-31 16:20:00+00:00,META,570.42,571.77,80,80
2026-08-31 16:20:00+00:00,MSFT,510.57,510.81,40,40
2026-08-31 16:20:00+00:00,NVDA,219.86,219.89,800,500
2026-08-31 16:20:00+00:00,TSLA,362.65,366.66,40,40
2026-08-31 16:20:00+00:00,UNH,390.6,405.18,40,40
2026-08-31 16:20:00+00:00,XOM,159.2,160.5,100,200
2026-08-31 16:21:00+00:00,AAPL,314.18,314.21,80,120
2026-08-31 16:21:00+00:00,AMZN,261.02,261.09,100,100
2026-08-31 16:21:00+00:00,GOOGL,338.19,338.32,80,40
2026-08-31 16:21:00+00:00,JPM,355.61,355.72,40,40
2026-08-31 16:21:00+00:00,META,570.42,571.77,80,80
2026-08-31 16:21:00+00:00,MSFT,509.0,510.81,40,40
2026-08-31 16:21:00+00:00,NVDA,219.82,219.84,700,200
2026-08-31 16:21:00+00:00,TSLA,362.65,366.4,40,40
2026-08-31 16:21:00+00:00,UNH,390.36,405.18,40,40
2026-08-31 16:21:00+00:00,XOM,158.1,159.24,100,100
2026-08-31 16:22:00+00:00,AAPL,314.25,314.3,80,160
2026-08-31 16:22:00+00:00,AMZN,260.85,260.9,100,100
2026-08-31 16:22:00+00:00,GOOGL,338.04,338.18,80,40
2026-08-31 16:22:00+00:00,JPM,354.0,355.57,120,40
2026-08-31 16:22:00+00:00,META,570.42,571.77,80,80
2026-08-31 16:22:00+00:00,MSFT,509.0,510.8,40,120
2026-08-31 16:22:00+00:00,NVDA,219.86,219.92,100,200
2026-08-31 16:22:00+00:00,TSLA,362.65,366.18,40,40
2026-08-31 16:22:00+00:00,UNH,390.36,405.18,40,40
2026-08-31 16:22:00+00:00,XOM,159.07,159.16,200,200
2026-08-31 16:23:00+00:00,AAPL,313.86,314.2,40,160
2026-08-31 16:23:00+00:00,AMZN,260.89,260.94,100,100
2026-08-31 16:23:00+00:00,GOOGL,337.51,338.56,40,40
2026-08-31 16:23:00+00:00,JPM,354.0,355.66,120,40
2026-08-31 16:23:00+00:00,META,570.42,571.25,80,40
2026-08-31 16:23:00+00:00,MSFT,509.0,510.8,40,120
2026-08-31 16:23:00+00:00,NVDA,219.89,219.9,300,400
2026-08-31 16:23:00+00:00,TSLA,362.65,366.18,40,40
2026-08-31 16:23:00+00:00,UNH,388.89,405.18,40,40
2026-08-31 16:23:00+00:00,XOM,158.25,159.16,100,200
2026-08-31 16:24:00+00:00,AAPL,314.26,314.33,360,40
2026-08-31 16:24:00+00:00,AMZN,260.98,261.04,100,100
2026-08-31 16:24:00+00:00,GOOGL,337.52,338.12,40,40
2026-08-31 16:24:00+00:00,JPM,354.0,355.78,120,120
2026-08-31 16:24:00+00:00,META,570.42,570.92,80,40
2026-08-31 16:24:00+00:00,MSFT,510.45,510.55,80,40
2026-08-31 16:24:00+00:00,NVDA,219.95,219.97,100,100
2026-08-31 16:24:00+00:00,TSLA,362.65,366.18,40,40
2026-08-31 16:24:00+00:00,UNH,388.89,405.18,40,40
2026-08-31 16:24:00+00:00,XOM,158.25,159.16,100,200
2026-08-31 16:25:00+00:00,AAPL,313.92,314.3,40,40
2026-08-31 16:25:00+00:00,AMZN,261.0,261.05,100,100
2026-08-31 16:25:00+00:00,GOOGL,337.52,338.91,40,40
2026-08-31 16:25:00+00:00,JPM,354.0,355.46,120,40
2026-08-31 16:25:00+00:00,META,570.42,570.92,80,40
2026-08-31 16:25:00+00:00,MSFT,510.51,510.8,40,120
2026-08-31 16:25:00+00:00,NVDA,220.06,220.08,700,500
2026-08-31 16:25:00+00:00,TSLA,365.82,366.18,40,40
2026-08-31 16:25:00+00:00,UNH,388.89,405.18,40,40
2026-08-31 16:25:00+00:00,XOM,159.02,159.09,100,100
2026-08-31 16:26:00+00:00,AAPL,314.51,314.59,440,40
2026-08-31 16:26:00+00:00,AMZN,261.08,261.15,200,100
2026-08-31 16:26:00+00:00,GOOGL,338.04,338.24,40,40
2026-08-31 16:26:00+00:00,JPM,355.36,355.43,80,40
2026-08-31 16:26:00+00:00,META,570.73,570.94,80,40
2026-08-31 16:26:00+00:00,MSFT,510.47,510.8,40,120
2026-08-31 16:26:00+00:00,NVDA,220.11,220.13,500,500
2026-08-31 16:26:00+00:00,TSLA,362.65,366.18,40,40
2026-08-31 16:26:00+00:00,UNH,388.89,405.18,40,40
2026-08-31 16:26:00+00:00,XOM,158.25,159.16,100,200
2026-08-31 16:27:00+00:00,AAPL,314.84,315.26,40,40
2026-08-31 16:27:00+00:00,AMZN,260.99,261.04,100,100
2026-08-31 16:27:00+00:00,GOOGL,338.04,338.24,40,40
2026-08-31 16:27:00+00:00,JPM,354.0,355.42,120,40
2026-08-31 16:27:00+00:00,META,570.42,570.94,80,40
2026-08-31 16:27:00+00:00,MSFT,509.0,510.64,40,40
2026-08-31 16:27:00+00:00,NVDA,220.17,220.19,700,1400
2026-08-31 16:27:00+00:00,TSLA,362.65,364.95,40,40
2026-08-31 16:27:00+00:00,UNH,390.57,390.81,40,40
2026-08-31 16:27:00+00:00,XOM,158.25,159.1,100,100
2026-08-31 16:28:00+00:00,AAPL,313.85,314.66,80,40
2026-08-31 16:28:00+00:00,AMZN,261.0,261.04,100,100
2026-08-31 16:28:00+00:00,GOOGL,338.22,338.52,40,40
2026-08-31 16:28:00+00:00,JPM,354.0,355.46,120,40
2026-08-31 16:28:00+00:00,META,570.94,571.85,40,80
2026-08-31 16:28:00+00:00,MSFT,510.55,510.8,120,120
2026-08-31 16:28:00+00:00,NVDA,220.17,220.19,600,500
2026-08-31 16:28:00+00:00,TSLA,362.65,365.32,40,40
2026-08-31 16:28:00+00:00,UNH,390.6,390.81,40,80
2026-08-31 16:28:00+00:00,XOM,159.01,159.07,100,100
2026-08-31 16:29:00+00:00,AAPL,313.93,314.7,40,80
2026-08-31 16:29:00+00:00,AMZN,260.89,260.96,100,100
2026-08-31 16:29:00+00:00,GOOGL,338.22,338.52,40,40
2026-08-31 16:29:00+00:00,JPM,354.0,357.62,120,320
2026-08-31 16:29:00+00:00,META,570.42,570.81,80,40
2026-08-31 16:29:00+00:00,MSFT,509.0,510.7,40,80
2026-08-31 16:29:00+00:00,NVDA,220.21,220.46,700,200
2026-08-31 16:29:00+00:00,TSLA,362.65,366.86,40,40
2026-08-31 16:29:00+00:00,UNH,390.63,405.18,40,40
2026-08-31 16:29:00+00:00,XOM,159.1,159.13,100,100
2026-08-31 16:30:00+00:00,AAPL,314.29,314.36,80,80
2026-08-31 16:30:00+00:00,AMZN,260.8,260.89,100,100
2026-08-31 16:30:00+00:00,GOOGL,338.0,338.27,320,40
2026-08-31 16:30:00+00:00,JPM,354.0,355.71,120,40
2026-08-31 16:30:00+00:00,META,570.3,570.86,80,40
2026-08-31 16:30:00+00:00,MSFT,510.45,511.35,40,40
2026-08-31 16:30:00+00:00,NVDA,220.17,220.2,200,500
2026-08-31 16:30:00+00:00,TSLA,362.65,366.86,40,40
2026-08-31 16:30:00+00:00,UNH,390.69,405.18,40,40
2026-08-31 16:30:00+00:00,XOM,159.16,159.24,100,100
2026-08-31 16:31:00+00:00,AAPL,312.75,314.1,120,80
2026-08-31 16:31:00+00:00,AMZN,260.81,260.87,100,100
2026-08-31 16:31:00+00:00,GOOGL,337.87,338.09,40,40
2026-08-31 16:31:00+00:00,JPM,354.0,357.62,120,320
2026-08-31 16:31:00+00:00,META,570.3,571.04,80,80
2026-08-31 16:31:00+00:00,MSFT,510.17,510.5,40,80
2026-08-31 16:31:00+00:00,NVDA,220.07,220.09,100,600
2026-08-31 16:31:00+00:00,TSLA,362.65,366.86,40,40
2026-08-31 16:31:00+00:00,UNH,390.75,390.87,40,40
2026-08-31 16:31:00+00:00,XOM,158.01,159.24,500,100
2026-08-31 16:32:00+00:00,AAPL,314.06,316.95,80,40
2026-08-31 16:32:00+00:00,AMZN,260.82,260.88,100,100
2026-08-31 16:32:00+00:00,GOOGL,337.86,337.95,40,40
2026-08-31 16:32:00+00:00,JPM,354.0,355.66,120,40
2026-08-31 16:32:00+00:00,META,570.3,571.04,80,80
2026-08-31 16:32:00+00:00,MSFT,509.0,510.24,40,40
2026-08-31 16:32:00+00:00,NVDA,219.93,219.95,200,600
2026-08-31 16:32:00+00:00,TSLA,362.65,366.86,40,40
2026-08-31 16:32:00+00:00,UNH,388.89,405.18,40,80
2026-08-31 16:32:00+00:00,XOM,159.28,159.33,100,100
2026-08-31 16:33:00+00:00,AAPL,313.81,314.16,40,80
2026-08-31 16:33:00+00:00,AMZN,260.79,260.86,100,100
2026-08-31 16:33:00+00:00,GOOGL,337.86,337.97,80,40
2026-08-31 16:33:00+00:00,JPM,354.0,355.71,120,80
2026-08-31 16:33:00+00:00,META,570.3,570.94,80,80
2026-08-31 16:33:00+00:00,MSFT,510.16,510.5,40,40
2026-08-31 16:33:00+00:00,NVDA,219.84,219.87,1000,600
2026-08-31 16:33:00+00:00,TSLA,362.65,366.86,40,40
2026-08-31 16:33:00+00:00,UNH,388.89,405.18,40,40
2026-08-31 16:33:00+00:00,XOM,159.24,160.5,200,200
2026-08-31 16:34:00+00:00,AAPL,313.95,314.08,80,80
2026-08-31 16:34:00+00:00,AMZN,260.8,260.9,100,100
2026-08-31 16:34:00+00:00,GOOGL,337.86,338.06,80,40
2026-08-31 16:34:00+00:00,JPM,354.0,357.62,120,320
2026-08-31 16:34:00+00:00,META,570.3,570.89,80,40
2026-08-31 16:34:00+00:00,MSFT,510.58,511.35,40,40
2026-08-31 16:34:00+00:00,NVDA,219.88,219.89,200,500
2026-08-31 16:34:00+00:00,TSLA,362.65,366.86,40,40
2026-08-31 16:34:00+00:00,UNH,390.26,405.18,40,40
2026-08-31 16:34:00+00:00,XOM,159.34,160.5,100,200
2026-08-31 16:35:00+00:00,AAPL,313.07,313.67,120,80
2026-08-31 16:35:00+00:00,AMZN,260.91,260.95,100,100
2026-08-31 16:35:00+00:00,GOOGL,337.86,338.05,80,40
2026-08-31 16:35:00+00:00,JPM,354.0,355.85,160,120
2026-08-31 16:35:00+00:00,META,570.3,571.85,80,80
2026-08-31 16:35:00+00:00,MSFT,510.64,511.35,40,40
2026-08-31 16:35:00+00:00,NVDA,219.86,219.88,500,600
2026-08-31 16:35:00+00:00,TSLA,362.65,366.86,40,40
2026-08-31 16:35:00+00:00,UNH,388.89,405.18,40,40
2026-08-31 16:35:00+00:00,XOM,158.04,159.24,100,100
2026-08-31 16:36:00+00:00,AAPL,313.58,313.64,80,80
2026-08-31 16:36:00+00:00,AMZN,260.87,260.94,100,100
2026-08-31 16:36:00+00:00,GOOGL,337.93,338.09,40,40
2026-08-31 16:36:00+00:00,JPM,354.0,355.74,160,40
2026-08-31 16:36:00+00:00,META,571.4,571.79,40,80
2026-08-31 16:36:00+00:00,MSFT,509.77,510.74,40,80
2026-08-31 16:36:00+00:00,NVDA,219.97,219.98,100,200
2026-08-31 16:36:00+00:00,TSLA,362.65,366.86,40,40
2026-08-31 16:36:00+00:00,UNH,390.61,405.18,40,80
2026-08-31 16:36:00+00:00,XOM,158.07,159.21,100,100
2026-08-31 16:37:00+00:00,AAPL,313.07,313.42,120,80
2026-08-31 16:37:00+00:00,AMZN,260.84,260.89,100,100
2026-08-31 16:37:00+00:00,GOOGL,337.93,338.47,40,40
2026-08-31 16:37:00+00:00,JPM,355.64,355.7,40,120
2026-08-31 16:37:00+00:00,META,570.3,571.95,80,80
2026-08-31 16:37:00+00:00,MSFT,510.52,510.68,40,40
2026-08-31 16:37:00+00:00,NVDA,219.94,219.96,1000,500
2026-08-31 16:37:00+00:00,TSLA,362.65,366.86,40,80
2026-08-31 16:37:00+00:00,UNH,390.61,405.18,40,80
2026-08-31 16:37:00+00:00,XOM,158.04,160.5,100,200
2026-08-31 16:38:00+00:00,AAPL,313.08,313.13,80,80
2026-08-31 16:38:00+00:00,AMZN,260.41,260.77,200,100
2026-08-31 16:38:00+00:00,GOOGL,337.51,337.97,40,40
2026-08-31 16:38:00+00:00,JPM,354.0,357.62,160,320
2026-08-31 16:38:00+00:00,META,570.3,571.95,80,80
2026-08-31 16:38:00+00:00,MSFT,510.47,510.9,40,40
2026-08-31 16:38:00+00:00,NVDA,219.8,219.81,200,100
2026-08-31 16:38:00+00:00,TSLA,362.65,364.79,40,80
2026-08-31 16:38:00+00:00,UNH,388.89,390.63,40,40
2026-08-31 16:38:00+00:00,XOM,158.07,159.05,100,100
2026-08-31 16:39:00+00:00,AAPL,313.1,313.16,80,80
2026-08-31 16:39:00+00:00,AMZN,260.7,260.74,100,100
2026-08-31 16:39:00+00:00,GOOGL,337.96,338.23,40,120
2026-08-31 16:39:00+00:00,JPM,354.0,355.59,160,40
2026-08-31 16:39:00+00:00,META,570.3,571.11,80,40
2026-08-31 16:39:00+00:00,MSFT,509.77,510.9,40,40
2026-08-31 16:39:00+00:00,NVDA,219.82,219.84,600,100
2026-08-31 16:39:00+00:00,TSLA,362.65,366.86,40,40
2026-08-31 16:39:00+00:00,UNH,390.51,400.0,40,40
2026-08-31 16:39:00+00:00,XOM,158.13,159.44,100,100
2026-08-31 16:40:00+00:00,AAPL,313.52,313.56,80,80
2026-08-31 16:40:00+00:00,AMZN,260.4,260.76,100,100
2026-08-31 16:40:00+00:00,GOOGL,337.92,338.91,40,40
2026-08-31 16:40:00+00:00,JPM,355.6,355.68,40,40
2026-08-31 16:40:00+00:00,META,570.3,571.11,80,40
2026-08-31 16:40:00+00:00,MSFT,509.77,510.24,40,40
2026-08-31 16:40:00+00:00,NVDA,219.87,219.88,200,700
2026-08-31 16:40:00+00:00,TSLA,362.65,366.86,40,40
2026-08-31 16:40:00+00:00,UNH,390.51,405.18,40,40
2026-08-31 16:40:00+00:00,XOM,158.88,159.44,100,100
2026-08-31 16:41:00+00:00,AAPL,313.46,313.52,120,80
2026-08-31 16:41:00+00:00,AMZN,260.91,260.98,200,100
2026-08-31 16:41:00+00:00,GOOGL,337.99,338.09,80,40
2026-08-31 16:41:00+00:00,JPM,354.0,357.62,160,320
2026-08-31 16:41:00+00:00,META,570.47,571.41,80,40
2026-08-31 16:41:00+00:00,MSFT,509.77,510.73,40,40
2026-08-31 16:41:00+00:00,NVDA,219.97,219.99,200,600
2026-08-31 16:41:00+00:00,TSLA,362.65,366.86,40,40
2026-08-31 16:41:00+00:00,UNH,390.34,405.18,40,40
2026-08-31 16:41:00+00:00,XOM,158.03,159.46,100,100
2026-08-31 16:42:00+00:00,AAPL,312.76,313.4,40,80
2026-08-31 16:42:00+00:00,AMZN,260.9,260.95,100,100
2026-08-31 16:42:00+00:00,GOOGL,338.0,338.92,40,80
2026-08-31 16:42:00+00:00,JPM,354.0,355.96,160,40
2026-08-31 16:42:00+00:00,META,570.92,571.95,40,80
2026-08-31 16:42:00+00:00,MSFT,510.42,510.78,40,40
2026-08-31 16:42:00+00:00,NVDA,219.82,219.84,200,1100
2026-08-31 16:42:00+00:00,TSLA,364.51,366.86,240,40
2026-08-31 16:42:00+00:00,UNH,390.45,405.18,80,40
2026-08-31 16:42:00+00:00,XOM,158.9,159.46,100,100
2026-08-31 16:43:00+00:00,AAPL,312.76,313.8,40,40
2026-08-31 16:43:00+00:00,AMZN,260.83,260.89,100,100
2026-08-31 16:43:00+00:00,GOOGL,338.0,338.23,40,40
2026-08-31 16:43:00+00:00,JPM,354.0,357.62,160,320
2026-08-31 16:43:00+00:00,META,570.47,571.95,80,80
2026-08-31 16:43:00+00:00,MSFT,510.42,510.78,40,40
2026-08-31 16:43:00+00:00,NVDA,219.92,219.95,500,1700
2026-08-31 16:43:00+00:00,TSLA,364.75,366.86,40,40
2026-08-31 16:43:00+00:00,UNH,390.45,405.18,80,40
2026-08-31 16:43:00+00:00,XOM,158.88,159.21,100,100
2026-08-31 16:44:00+00:00,AAPL,313.46,313.5,80,80
2026-08-31 16:44:00+00:00,AMZN,260.87,261.0,100,100
2026-08-31 16:44:00+00:00,GOOGL,337.86,338.1,40,80
2026-08-31 16:44:00+00:00,JPM,354.0,356.1,120,40
2026-08-31 16:44:00+00:00,META,570.47,571.29,80,40
2026-08-31 16:44:00+00:00,MSFT,510.54,510.62,40,40
2026-08-31 16:44:00+00:00,NVDA,219.72,219.82,500,200
2026-08-31 16:44:00+00:00,TSLA,364.83,366.86,40,40
2026-08-31 16:44:00+00:00,UNH,388.64,405.18,120,40
2026-08-31 16:44:00+00:00,XOM,158.89,158.94,100,100
2026-08-31 16:45:00+00:00,AAPL,313.37,313.47,80,160
2026-08-31 16:45:00+00:00,AMZN,261.11,261.16,100,100
2026-08-31 16:45:00+00:00,GOOGL,337.86,338.1,40,120
2026-08-31 16:45:00+00:00,JPM,354.0,356.26,160,40
2026-08-31 16:45:00+00:00,META,570.47,571.26,80,40
2026-08-31 16:45:00+00:00,MSFT,510.55,510.78,40,40
2026-08-31 16:45:00+00:00,NVDA,219.71,219.73,300,100
2026-08-31 16:45:00+00:00,TSLA,357.4,366.86,40,40
2026-08-31 16:45:00+00:00,UNH,390.38,405.18,40,40
2026-08-31 16:45:00+00:00,XOM,158.06,158.91,100,100
2026-08-31 16:46:00+00:00,AAPL,313.42,313.65,40,80
2026-08-31 16:46:00+00:00,AMZN,261.21,261.27,100,100
2026-08-31 16:46:00+00:00,GOOGL,337.86,338.15,40,120
2026-08-31 16:46:00+00:00,JPM,354.0,356.28,160,40
2026-08-31 16:46:00+00:00,META,570.47,571.26,80,40
2026-08-31 16:46:00+00:00,MSFT,510.74,510.81,80,80
2026-08-31 16:46:00+00:00,NVDA,219.67,219.68,100,500
2026-08-31 16:46:00+00:00,TSLA,357.4,366.86,40,40
2026-08-31 16:46:00+00:00,UNH,390.45,405.18,80,40
2026-08-31 16:46:00+00:00,XOM,158.87,158.91,100,100
2026-08-31 16:47:00+00:00,AAPL,313.42,314.79,40,40
2026-08-31 16:47:00+00:00,AMZN,261.16,261.23,100,100
2026-08-31 16:47:00+00:00,GOOGL,337.86,338.3,40,120
2026-08-31 16:47:00+00:00,JPM,356.24,356.41,40,40
2026-08-31 16:47:00+00:00,META,570.47,571.58,80,80
2026-08-31 16:47:00+00:00,MSFT,509.77,511.35,40,40
2026-08-31 16:47:00+00:00,NVDA,219.7,219.72,100,800
2026-08-31 16:47:00+00:00,TSLA,364.66,366.86,40,40
2026-08-31 16:47:00+00:00,UNH,390.48,405.18,40,40
2026-08-31 16:47:00+00:00,XOM,158.92,159.22,100,100
2026-08-31 16:48:00+00:00,AAPL,312.77,313.69,40,80
2026-08-31 16:48:00+00:00,AMZN,261.32,261.37,200,100
2026-08-31 16:48:00+00:00,GOOGL,337.86,338.43,40,120
2026-08-31 16:48:00+00:00,JPM,354.0,357.62,120,320
2026-08-31 16:48:00+00:00,META,570.47,571.58,80,80
2026-08-31 16:48:00+00:00,MSFT,511.04,511.35,40,40
2026-08-31 16:48:00+00:00,NVDA,219.89,219.91,200,1200
2026-08-31 16:48:00+00:00,TSLA,357.4,366.86,40,40
2026-08-31 16:48:00+00:00,UNH,390.48,405.18,40,40
2026-08-31 16:48:00+00:00,XOM,158.89,159.46,100,100
2026-08-31 16:49:00+00:00,AAPL,313.68,314.73,80,40
2026-08-31 16:49:00+00:00,AMZN,261.27,261.33,100,100
2026-08-31 16:49:00+00:00,GOOGL,337.86,338.45,40,40
2026-08-31 16:49:00+00:00,JPM,354.0,356.31,160,160
2026-08-31 16:49:00+00:00,META,570.47,571.16,80,80
2026-08-31 16:49:00+00:00,MSFT,510.69,511.35,40,40
2026-08-31 16:49:00+00:00,NVDA,219.98,220.0,300,800
2026-08-31 16:49:00+00:00,TSLA,357.4,366.86,40,40
2026-08-31 16:49:00+00:00,UNH,388.89,390.47,40,40
2026-08-31 16:49:00+00:00,XOM,158.84,159.22,100,100
2026-08-31 16:50:00+00:00,AAPL,313.7,313.74,80,80
2026-08-31 16:50:00+00:00,AMZN,261.23,261.26,100,100
2026-08-31 16:50:00+00:00,GOOGL,338.24,338.4,40,40
2026-08-31 16:50:00+00:00,JPM,356.1,356.23,40,40
2026-08-31 16:50:00+00:00,META,570.47,571.58,80,80
2026-08-31 16:50:00+00:00,MSFT,510.69,511.35,40,40
2026-08-31 16:50:00+00:00,NVDA,220.04,220.06,400,500
2026-08-31 16:50:00+00:00,TSLA,357.4,366.86,40,40
2026-08-31 16:50:00+00:00,UNH,390.3,390.59,40,40
2026-08-31 16:50:00+00:00,XOM,158.8,159.2,100,100
2026-08-31 16:51:00+00:00,AAPL,312.77,313.92,40,40
2026-08-31 16:51:00+00:00,AMZN,261.29,261.35,100,100
2026-08-31 16:51:00+00:00,GOOGL,338.24,338.57,40,40
2026-08-31 16:51:00+00:00,JPM,354.0,356.1,160,40
2026-08-31 16:51:00+00:00,META,570.47,571.58,80,80
2026-08-31 16:51:00+00:00,MSFT,510.69,511.29,40,40
2026-08-31 16:51:00+00:00,NVDA,220.01,220.04,600,800
2026-08-31 16:51:00+00:00,TSLA,357.4,366.86,40,40
2026-08-31 16:51:00+00:00,UNH,390.3,390.59,40,40
2026-08-31 16:51:00+00:00,XOM,158.85,159.2,100,100
2026-08-31 16:52:00+00:00,AAPL,313.62,313.65,80,80
2026-08-31 16:52:00+00:00,AMZN,261.24,261.27,100,100
2026-08-31 16:52:00+00:00,GOOGL,338.24,338.54,40,120
2026-08-31 16:52:00+00:00,JPM,354.0,356.23,160,40
2026-08-31 16:52:00+00:00,META,570.3,571.58,80,80
2026-08-31 16:52:00+00:00,MSFT,511.48,512.92,40,40
2026-08-31 16:52:00+00:00,NVDA,219.94,219.96,300,600
2026-08-31 16:52:00+00:00,TSLA,357.4,365.43,40,80
2026-08-31 16:52:00+00:00,UNH,390.0,390.59,40,40
2026-08-31 16:52:00+00:00,XOM,158.77,158.82,100,100
2026-08-31 16:53:00+00:00,AAPL,312.77,313.8,40,80
2026-08-31 16:53:00+00:00,AMZN,261.16,261.21,100,100
2026-08-31 16:53:00+00:00,GOOGL,338.24,338.46,40,40
2026-08-31 16:53:00+00:00,JPM,354.0,356.23,120,40
2026-08-31 16:53:00+00:00,META,570.3,571.58,80,80
2026-08-31 16:53:00+00:00,MSFT,510.69,512.92,40,40
2026-08-31 16:53:00+00:00,NVDA,219.94,219.95,200,800
2026-08-31 16:53:00+00:00,TSLA,365.68,366.86,240,40
2026-08-31 16:53:00+00:00,UNH,390.11,390.59,40,40
2026-08-31 16:53:00+00:00,XOM,158.75,159.2,100,100
2026-08-31 16:54:00+00:00,AAPL,312.77,313.9,40,40
2026-08-31 16:54:00+00:00,AMZN,261.18,261.67,100,100
2026-08-31 16:54:00+00:00,GOOGL,338.24,338.47,40,40
2026-08-31 16:54:00+00:00,JPM,355.83,356.03,40,80
2026-08-31 16:54:00+00:00,META,570.3,571.51,80,80
2026-08-31 16:54:00+00:00,MSFT,510.69,512.92,40,40
2026-08-31 16:54:00+00:00,NVDA,219.88,219.92,300,600
2026-08-31 16:54:00+00:00,TSLA,365.73,366.86,40,40
2026-08-31 16:54:00+00:00,UNH,390.31,390.59,40,40
2026-08-31 16:54:00+00:00,XOM,158.81,159.2,100,100
2026-08-31 16:55:00+00:00,AAPL,313.77,313.84,80,40
2026-08-31 16:55:00+00:00,AMZN,261.13,261.22,200,100
2026-08-31 16:55:00+00:00,GOOGL,338.24,338.66,40,40
2026-08-31 16:55:00+00:00,JPM,354.0,356.03,120,200
2026-08-31 16:55:00+00:00,META,570.3,571.51,80,80
2026-08-31 16:55:00+00:00,MSFT,510.69,512.92,40,40
2026-08-31 16:55:00+00:00,NVDA,219.92,219.94,200,700
2026-08-31 16:55:00+00:00,TSLA,357.4,366.86,40,40
2026-08-31 16:55:00+00:00,UNH,390.11,390.59,40,40
2026-08-31 16:55:00+00:00,XOM,158.04,159.2,100,100
2026-08-31 16:56:00+00:00,AAPL,313.69,313.72,80,80
2026-08-31 16:56:00+00:00,AMZN,261.22,261.28,100,100
2026-08-31 16:56:00+00:00,GOOGL,338.24,338.73,40,40
2026-08-31 16:56:00+00:00,JPM,354.0,356.03,120,80
2026-08-31 16:56:00+00:00,META,571.18,571.77,160,80
2026-08-31 16:56:00+00:00,MSFT,510.69,511.49,40,200
2026-08-31 16:56:00+00:00,NVDA,219.99,220.01,600,600
2026-08-31 16:56:00+00:00,TSLA,357.4,366.86,40,40
2026-08-31 16:56:00+00:00,UNH,390.11,390.59,40,40
2026-08-31 16:56:00+00:00,XOM,158.87,159.2,100,100
2026-08-31 16:57:00+00:00,AAPL,313.78,313.89,80,40
2026-08-31 16:57:00+00:00,AMZN,261.31,261.36,100,100
2026-08-31 16:57:00+00:00,GOOGL,338.49,338.73,40,40
2026-08-31 16:57:00+00:00,JPM,354.0,355.98,120,80
2026-08-31 16:57:00+00:00,META,571.18,571.58,160,80
2026-08-31 16:57:00+00:00,MSFT,511.41,511.82,40,40
2026-08-31 16:57:00+00:00,NVDA,220.02,220.03,400,600
2026-08-31 16:57:00+00:00,TSLA,357.4,366.86,40,40
2026-08-31 16:57:00+00:00,UNH,388.89,390.59,40,40
2026-08-31 16:57:00+00:00,XOM,158.04,159.22,100,100
2026-08-31 16:58:00+00:00,AAPL,313.75,313.87,80,80
2026-08-31 16:58:00+00:00,AMZN,261.22,261.27,100,100
2026-08-31 16:58:00+00:00,GOOGL,338.28,338.55,40,40
2026-08-31 16:58:00+00:00,JPM,354.0,355.94,120,120
2026-08-31 16:58:00+00:00,META,570.3,571.58,80,80
2026-08-31 16:58:00+00:00,MSFT,510.69,511.42,40,280
2026-08-31 16:58:00+00:00,NVDA,220.07,220.1,700,500
2026-08-31 16:58:00+00:00,TSLA,357.4,366.86,40,40
2026-08-31 16:58:00+00:00,UNH,390.24,390.48,40,40
2026-08-31 16:58:00+00:00,XOM,158.04,159.46,100,100
2026-08-31 16:59:00+00:00,AAPL,313.72,313.76,80,80
2026-08-31 16:59:00+00:00,AMZN,261.29,261.38,200,100
2026-08-31 16:59:00+00:00,GOOGL,338.28,338.57,40,80
2026-08-31 16:59:00+00:00,JPM,355.75,355.92,40,40
2026-08-31 16:59:00+00:00,META,570.3,571.58,80,80
2026-08-31 16:59:00+00:00,MSFT,511.28,511.42,40,40
2026-08-31 16:59:00+00:00,NVDA,220.17,220.19,600,500
2026-08-31 16:59:00+00:00,TSLA,359.0,366.86,40,40
2026-08-31 16:59:00+00:00,UNH,390.26,390.59,40,40
2026-08-31 16:59:00+00:00,XOM,158.18,159.46,100,100
2026-08-31 17:00:00+00:00,AAPL,313.67,313.7,80,80
2026-08-31 17:00:00+00:00,AMZN,261.53,261.57,100,100
2026-08-31 17:00:00+00:00,GOOGL,338.4,338.45,40,40
2026-08-31 17:00:00+00:00,JPM,355.76,355.92,80,40
2026-08-31 17:00:00+00:00,META,570.3,571.58,80,80
2026-08-31 17:00:00+00:00,MSFT,510.69,511.82,40,40
2026-08-31 17:00:00+00:00,NVDA,220.04,220.11,200,300
2026-08-31 17:00:00+00:00,TSLA,357.4,366.86,40,40
2026-08-31 17:00:00+00:00,UNH,388.64,390.68,120,40
2026-08-31 17:00:00+00:00,XOM,158.96,159.46,100,100
2026-08-31 17:01:00+00:00,AAPL,312.75,313.59,120,40
2026-08-31 17:01:00+00:00,AMZN,261.3,261.37,100,100
2026-08-31 17:01:00+00:00,GOOGL,338.38,338.41,40,80
2026-08-31 17:01:00+00:00,JPM,355.75,355.9,40,40
2026-08-31 17:01:00+00:00,META,570.3,571.58,80,80
2026-08-31 17:01:00+00:00,MSFT,510.69,511.51,40,40
2026-08-31 17:01:00+00:00,NVDA,220.23,220.25,700,500
2026-08-31 17:01:00+00:00,TSLA,357.4,366.86,40,40
2026-08-31 17:01:00+00:00,UNH,390.35,390.68,40,40
2026-08-31 17:01:00+00:00,XOM,159.11,159.17,100,100
2026-08-31 17:02:00+00:00,AAPL,312.75,313.59,120,120
2026-08-31 17:02:00+00:00,AMZN,261.27,261.33,100,100
2026-08-31 17:02:00+00:00,GOOGL,338.31,338.42,40,80
2026-08-31 17:02:00+00:00,JPM,354.0,355.77,160,40
2026-08-31 17:02:00+00:00,META,571.2,571.58,80,80
2026-08-31 17:02:00+00:00,MSFT,510.69,511.33,40,320
2026-08-31 17:02:00+00:00,NVDA,220.12,220.13,500,300
2026-08-31 17:02:00+00:00,TSLA,359.0,366.86,40,40
2026-08-31 17:02:00+00:00,UNH,389.0,390.68,40,40
2026-08-31 17:02:00+00:00,XOM,159.06,159.13,100,100
2026-08-31 17:03:00+00:00,AAPL,313.54,313.57,120,80
2026-08-31 17:03:00+00:00,AMZN,261.24,261.29,100,100
2026-08-31 17:03:00+00:00,GOOGL,338.28,338.35,40,80
2026-08-31 17:03:00+00:00,JPM,355.49,355.8,80,80
2026-08-31 17:03:00+00:00,META,570.3,571.58,80,80
2026-08-31 17:03:00+00:00,MSFT,509.0,511.51,40,40
2026-08-31 17:03:00+00:00,NVDA,220.04,220.08,200,1100
2026-08-31 17:03:00+00:00,TSLA,357.4,366.86,40,40
2026-08-31 17:03:00+00:00,UNH,388.64,390.68,120,40
2026-08-31 17:03:00+00:00,XOM,159.13,159.46,100,100
2026-08-31 17:04:00+00:00,AAPL,313.47,313.51,80,80
2026-08-31 17:04:00+00:00,AMZN,261.36,261.42,100,100
2026-08-31 17:04:00+00:00,GOOGL,338.34,338.57,40,80
2026-08-31 17:04:00+00:00,JPM,355.53,355.71,120,40
2026-08-31 17:04:00+00:00,META,571.39,571.58,80,80
2026-08-31 17:04:00+00:00,MSFT,509.0,511.51,40,40
2026-08-31 17:04:00+00:00,NVDA,220.02,220.03,100,200
2026-08-31 17:04:00+00:00,TSLA,365.23,366.86,40,80
2026-08-31 17:04:00+00:00,UNH,388.89,390.68,40,40
2026-08-31 17:04:00+00:00,XOM,158.07,159.15,100,100
2026-08-31 17:05:00+00:00,AAPL,313.53,313.56,40,80
2026-08-31 17:05:00+00:00,AMZN,261.32,261.37,200,100
2026-08-31 17:05:00+00:00,GOOGL,338.28,338.59,40,40
2026-08-31 17:05:00+00:00,JPM,355.68,355.8,80,80
2026-08-31 17:05:00+00:00,META,570.3,571.43,80,80
2026-08-31 17:05:00+00:00,MSFT,509.0,511.37,40,40
2026-08-31 17:05:00+00:00,NVDA,219.99,220.07,200,200
2026-08-31 17:05:00+00:00,TSLA,364.85,366.86,40,80
2026-08-31 17:05:00+00:00,UNH,390.32,390.68,40,40
2026-08-31 17:05:00+00:00,XOM,158.03,159.47,100,100
2026-08-31 17:06:00+00:00,AAPL,313.59,313.8,80,40
2026-08-31 17:06:00+00:00,AMZN,261.27,261.33,100,100
2026-08-31 17:06:00+00:00,GOOGL,338.4,338.48,40,40
2026-08-31 17:06:00+00:00,JPM,355.68,355.81,80,120
2026-08-31 17:06:00+00:00,META,570.3,571.76,80,80
2026-08-31 17:06:00+00:00,MSFT,509.0,511.37,40,40
2026-08-31 17:06:00+00:00,NVDA,219.81,219.83,700,800
2026-08-31 17:06:00+00:00,TSLA,357.4,365.75,40,80
2026-08-31 17:06:00+00:00,UNH,390.48,405.18,40,80
2026-08-31 17:06:00+00:00,XOM,158.03,159.46,100,100
2026-08-31 17:07:00+00:00,AAPL,313.74,313.77,80,120
2026-08-31 17:07:00+00:00,AMZN,261.22,261.29,100,100
2026-08-31 17:07:00+00:00,GOOGL,338.28,338.39,40,40
2026-08-31 17:07:00+00:00,JPM,354.0,355.78,120,40
2026-08-31 17:07:00+00:00,META,570.3,571.4,80,40
2026-08-31 17:07:00+00:00,MSFT,509.0,511.37,40,40
2026-08-31 17:07:00+00:00,NVDA,219.83,219.85,100,100
2026-08-31 17:07:00+00:00,TSLA,357.4,365.36,40,40
2026-08-31 17:07:00+00:00,UNH,390.48,390.64,40,40
2026-08-31 17:07:00+00:00,XOM,159.18,159.45,100,100
2026-08-31 17:08:00+00:00,AAPL,312.9,313.66,40,80
2026-08-31 17:08:00+00:00,AMZN,261.0,261.07,100,100
2026-08-31 17:08:00+00:00,GOOGL,337.86,338.26,40,80
2026-08-31 17:08:00+00:00,JPM,354.0,355.8,120,80
2026-08-31 17:08:00+00:00,META,570.3,570.65,80,120
2026-08-31 17:08:00+00:00,MSFT,510.81,511.13,40,40
2026-08-31 17:08:00+00:00,NVDA,219.91,219.93,500,400
2026-08-31 17:08:00+00:00,TSLA,357.4,366.0,40,40
2026-08-31 17:08:00+00:00,UNH,390.51,392.22,40,40
2026-08-31 17:08:00+00:00,XOM,159.29,159.89,100,200
2026-08-31 17:09:00+00:00,AAPL,312.9,313.63,40,80
2026-08-31 17:09:00+00:00,AMZN,261.04,261.08,100,100
2026-08-31 17:09:00+00:00,GOOGL,338.19,338.24,40,40
2026-08-31 17:09:00+00:00,JPM,355.74,355.82,40,80
2026-08-31 17:09:00+00:00,META,570.3,570.79,80,80
2026-08-31 17:09:00+00:00,MSFT,511.0,511.06,40,40
2026-08-31 17:09:00+00:00,NVDA,219.92,219.94,700,600
2026-08-31 17:09:00+00:00,TSLA,357.4,366.86,40,80
2026-08-31 17:09:00+00:00,UNH,390.48,405.18,40,80
2026-08-31 17:09:00+00:00,XOM,159.32,159.89,100,200
2026-08-31 17:10:00+00:00,AAPL,313.61,313.73,40,40
2026-08-31 17:10:00+00:00,AMZN,261.15,261.19,100,100
2026-08-31 17:10:00+00:00,GOOGL,338.11,338.39,40,80
2026-08-31 17:10:00+00:00,JPM,355.84,355.91,40,120
2026-08-31 17:10:00+00:00,META,570.3,571.07,80,120
2026-08-31 17:10:00+00:00,MSFT,511.24,511.77,160,40
2026-08-31 17:10:00+00:00,NVDA,219.86,219.88,300,800
2026-08-31 17:10:00+00:00,TSLA,357.4,366.86,40,80
2026-08-31 17:10:00+00:00,UNH,390.48,405.18,40,40
2026-08-31 17:10:00+00:00,XOM,159.2,159.89,600,200
2026-08-31 17:11:00+00:00,AAPL,313.68,313.75,80,40
2026-08-31 17:11:00+00:00,AMZN,261.12,261.24,100,100
2026-08-31 17:11:00+00:00,GOOGL,338.11,338.4,40,40
2026-08-31 17:11:00+00:00,JPM,355.9,357.62,40,320
2026-08-31 17:11:00+00:00,META,570.3,570.72,80,40
2026-08-31 17:11:00+00:00,MSFT,509.0,512.92,40,40
2026-08-31 17:11:00+00:00,NVDA,219.97,219.99,900,100
2026-08-31 17:11:00+00:00,TSLA,365.8,366.86,40,40
2026-08-31 17:11:00+00:00,UNH,390.66,390.98,40,40
2026-08-31 17:11:00+00:00,XOM,159.34,159.89,100,200
2026-08-31 17:12:00+00:00,AAPL,313.74,313.86,40,40
2026-08-31 17:12:00+00:00,AMZN,261.29,261.34,100,100
2026-08-31 17:12:00+00:00,GOOGL,338.45,338.56,40,40
2026-08-31 17:12:00+00:00,JPM,356.0,356.06,40,40
2026-08-31 17:12:00+00:00,META,570.3,571.04,80,40
2026-08-31 17:12:00+00:00,MSFT,510.7,512.92,40,40
2026-08-31 17:12:00+00:00,NVDA,219.91,219.93,600,500
2026-08-31 17:12:00+00:00,TSLA,366.04,366.86,40,40
2026-08-31 17:12:00+00:00,UNH,390.8,405.18,40,40
2026-08-31 17:12:00+00:00,XOM,159.2,159.89,600,200
2026-08-31 17:13:00+00:00,AAPL,313.72,313.82,80,80
2026-08-31 17:13:00+00:00,AMZN,261.33,261.41,100,100
2026-08-31 17:13:00+00:00,GOOGL,338.45,338.62,40,80
2026-08-31 17:13:00+00:00,JPM,354.0,356.02,120,120
2026-08-31 17:13:00+00:00,META,570.96,572.15,280,80
2026-08-31 17:13:00+00:00,MSFT,510.98,511.25,40,80
2026-08-31 17:13:00+00:00,NVDA,219.77,219.88,100,600
2026-08-31 17:13:00+00:00,TSLA,365.8,366.58,120,80
2026-08-31 17:13:00+00:00,UNH,388.89,405.18,40,40
2026-08-31 17:13:00+00:00,XOM,159.33,159.37,100,100
2026-08-31 17:14:00+00:00,AAPL,314.02,314.05,80,80
2026-08-31 17:14:00+00:00,AMZN,261.4,261.5,100,600
2026-08-31 17:14:00+00:00,GOOGL,338.7,338.86,40,40
2026-08-31 17:14:00+00:00,JPM,354.0,356.07,120,40
2026-08-31 17:14:00+00:00,META,570.96,572.06,240,40
2026-08-31 17:14:00+00:00,MSFT,511.09,511.22,40,40
2026-08-31 17:14:00+00:00,NVDA,219.82,219.83,200,700
2026-08-31 17:14:00+00:00,TSLA,366.47,366.78,40,40
2026-08-31 17:14:00+00:00,UNH,388.89,405.18,40,40
2026-08-31 17:14:00+00:00,XOM,159.35,159.39,100,100
2026-08-31 17:15:00+00:00,AAPL,313.74,313.89,40,80
2026-08-31 17:15:00+00:00,AMZN,261.47,261.5,100,400
2026-08-31 17:15:00+00:00,GOOGL,338.79,338.99,40,40
2026-08-31 17:15:00+00:00,JPM,354.0,356.0,120,40
2026-08-31 17:15:00+00:00,META,570.96,572.15,240,80
2026-08-31 17:15:00+00:00,MSFT,509.0,512.92,40,40
2026-08-31 17:15:00+00:00,NVDA,219.83,219.85,500,800
2026-08-31 17:15:00+00:00,TSLA,365.8,366.86,120,40
2026-08-31 17:15:00+00:00,UNH,390.99,391.24,40,40
2026-08-31 17:15:00+00:00,XOM,159.2,159.39,600,100
2026-08-31 17:16:00+00:00,AAPL,313.87,313.93,40,80
2026-08-31 17:16:00+00:00,AMZN,261.41,261.45,100,100
2026-08-31 17:16:00+00:00,GOOGL,338.83,338.93,80,40
2026-08-31 17:16:00+00:00,JPM,354.0,356.1,120,40
2026-08-31 17:16:00+00:00,META,571.07,572.15,80,80
2026-08-31 17:16:00+00:00,MSFT,509.0,511.47,40,240
2026-08-31 17:16:00+00:00,NVDA,219.88,219.91,1200,100
2026-08-31 17:16:00+00:00,TSLA,367.12,367.5,400,200
2026-08-31 17:16:00+00:00,UNH,389.0,391.24,40,40
2026-08-31 17:16:00+00:00,XOM,159.3,159.57,100,100
2026-08-31 17:17:00+00:00,AAPL,313.72,314.06,80,40
2026-08-31 17:17:00+00:00,AMZN,261.26,261.32,100,100
2026-08-31 17:17:00+00:00,GOOGL,338.66,338.99,40,40
2026-08-31 17:17:00+00:00,JPM,354.0,357.62,120,320
2026-08-31 17:17:00+00:00,META,571.07,572.18,80,80
2026-08-31 17:17:00+00:00,MSFT,511.18,511.3,40,80
2026-08-31 17:17:00+00:00,NVDA,219.74,219.8,200,700
2026-08-31 17:17:00+00:00,TSLA,365.8,367.07,80,40
2026-08-31 17:17:00+00:00,UNH,390.65,391.24,40,40
2026-08-31 17:17:00+00:00,XOM,159.44,159.89,100,200
2026-08-31 17:18:00+00:00,AAPL,314.0,314.81,40,80
2026-08-31 17:18:00+00:00,AMZN,261.21,261.25,200,100
2026-08-31 17:18:00+00:00,GOOGL,338.61,338.76,40,40
2026-08-31 17:18:00+00:00,JPM,356.09,356.17,40,40
2026-08-31 17:18:00+00:00,META,571.07,571.81,80,40
2026-08-31 17:18:00+00:00,MSFT,511.18,511.37,40,120
2026-08-31 17:18:00+00:00,NVDA,219.79,219.8,400,500
2026-08-31 17:18:00+00:00,TSLA,365.8,366.32,80,120
2026-08-31 17:18:00+00:00,UNH,389.0,391.24,40,40
2026-08-31 17:18:00+00:00,XOM,159.45,159.89,100,200
2026-08-31 17:19:00+00:00,AAPL,313.72,314.81,80,40
2026-08-31 17:19:00+00:00,AMZN,261.24,261.29,100,100
2026-08-31 17:19:00+00:00,GOOGL,337.88,338.69,40,40
2026-08-31 17:19:00+00:00,JPM,356.07,356.19,40,40
2026-08-31 17:19:00+00:00,META,571.52,572.18,240,80
2026-08-31 17:19:00+00:00,MSFT,511.26,511.63,40,40
2026-08-31 17:19:00+00:00,NVDA,219.78,219.8,600,500
2026-08-31 17:19:00+00:00,TSLA,359.0,367.5,40,200
2026-08-31 17:19:00+00:00,UNH,390.31,391.24,40,40
2026-08-31 17:19:00+00:00,XOM,159.47,159.52,100,100
2026-08-31 17:20:00+00:00,AAPL,313.72,314.1,80,80
2026-08-31 17:20:00+00:00,AMZN,261.18,261.22,100,100
2026-08-31 17:20:00+00:00,GOOGL,338.55,338.99,40,40
2026-08-31 17:20:00+00:00,JPM,354.0,356.18,120,80
2026-08-31 17:20:00+00:00,META,571.01,572.18,80,80
2026-08-31 17:20:00+00:00,MSFT,511.12,511.45,40,40
2026-08-31 17:20:00+00:00,NVDA,219.64,219.66,600,800
2026-08-31 17:20:00+00:00,TSLA,359.0,366.14,40,80
2026-08-31 17:20:00+00:00,UNH,390.18,390.51,40,40
2026-08-31 17:20:00+00:00,XOM,159.2,159.56,600,100
2026-08-31 17:21:00+00:00,AAPL,313.81,314.14,40,80
2026-08-31 17:21:00+00:00,AMZN,261.17,261.21,100,100
2026-08-31 17:21:00+00:00,GOOGL,338.4,338.48,40,40
2026-08-31 17:21:00+00:00,JPM,356.01,356.1,40,40
2026-08-31 17:21:00+00:00,META,571.01,572.18,80,80
2026-08-31 17:21:00+00:00,MSFT,510.9,511.18,40,80
2026-08-31 17:21:00+00:00,NVDA,219.65,219.67,500,700
2026-08-31 17:21:00+00:00,TSLA,359.0,366.14,40,80
2026-08-31 17:21:00+00:00,UNH,390.31,391.24,40,40
2026-08-31 17:21:00+00:00,XOM,159.2,159.89,600,200
2026-08-31 17:22:00+00:00,AAPL,313.81,314.17,40,80
2026-08-31 17:22:00+00:00,AMZN,261.18,261.43,100,100
2026-08-31 17:22:00+00:00,GOOGL,337.88,338.57,40,40
2026-08-31 17:22:00+00:00,JPM,356.05,356.13,40,160
2026-08-31 17:22:00+00:00,META,571.01,571.59,80,40
2026-08-31 17:22:00+00:00,MSFT,511.1,511.27,40,40
2026-08-31 17:22:00+00:00,NVDA,219.81,219.84,500,600
2026-08-31 17:22:00+00:00,TSLA,359.0,366.14,40,80
2026-08-31 17:22:00+00:00,UNH,388.89,391.24,40,40
2026-08-31 17:22:00+00:00,XOM,159.61,159.89,100,100
2026-08-31 17:23:00+00:00,AAPL,314.18,314.25,40,80
2026-08-31 17:23:00+00:00,AMZN,261.22,261.43,100,100
2026-08-31 17:23:00+00:00,GOOGL,338.48,338.58,80,120
2026-08-31 17:23:00+00:00,JPM,354.0,356.12,120,120
2026-08-31 17:23:00+00:00,META,571.01,571.72,80,120
2026-08-31 17:23:00+00:00,MSFT,509.0,511.45,40,40
2026-08-31 17:23:00+00:00,NVDA,219.82,219.84,500,500
2026-08-31 17:23:00+00:00,TSLA,364.88,366.14,40,80
2026-08-31 17:23:00+00:00,UNH,388.89,390.71,40,40
2026-08-31 17:23:00+00:00,XOM,159.2,159.62,600,100
2026-08-31 17:24:00+00:00,AAPL,313.77,314.16,40,80
2026-08-31 17:24:00+00:00,AMZN,261.16,261.21,100,100
2026-08-31 17:24:00+00:00,GOOGL,338.61,338.65,40,120
2026-08-31 17:24:00+00:00,JPM,354.0,356.05,120,80
2026-08-31 17:24:00+00:00,META,571.01,571.77,80,40
2026-08-31 17:24:00+00:00,MSFT,509.0,511.45,40,40
2026-08-31 17:24:00+00:00,NVDA,219.7,219.79,100,100
2026-08-31 17:24:00+00:00,TSLA,359.0,365.93,40,80
2026-08-31 17:24:00+00:00,UNH,388.64,391.24,120,40
2026-08-31 17:24:00+00:00,XOM,159.2,159.61,600,100
2026-08-31 17:25:00+00:00,AAPL,313.98,314.02,80,80
2026-08-31 17:25:00+00:00,AMZN,260.83,260.86,100,100
2026-08-31 17:25:00+00:00,GOOGL,338.4,338.99,40,40
2026-08-31 17:25:00+00:00,JPM,354.0,355.94,120,120
2026-08-31 17:25:00+00:00,META,571.01,571.83,80,80
2026-08-31 17:25:00+00:00,MSFT,509.0,511.45,40,40
2026-08-31 17:25:00+00:00,NVDA,219.73,219.75,800,1700
2026-08-31 17:25:00+00:00,TSLA,359.0,365.93,40,80
2026-08-31 17:25:00+00:00,UNH,388.89,391.24,40,40
2026-08-31 17:25:00+00:00,XOM,159.2,159.62,600,100
2026-08-31 17:26:00+00:00,AAPL,313.72,314.01,80,80
2026-08-31 17:26:00+00:00,AMZN,260.86,260.89,100,100
2026-08-31 17:26:00+00:00,GOOGL,337.87,338.43,40,40
2026-08-31 17:26:00+00:00,JPM,354.0,355.98,120,120
2026-08-31 17:26:00+00:00,META,571.01,571.83,80,80
2026-08-31 17:26:00+00:00,MSFT,509.0,511.45,40,40
2026-08-31 17:26:00+00:00,NVDA,219.54,219.56,600,100
2026-08-31 17:26:00+00:00,TSLA,364.73,365.44,40,40
2026-08-31 17:26:00+00:00,UNH,388.89,391.24,40,40
2026-08-31 17:26:00+00:00,XOM,159.42,159.68,100,100
2026-08-31 17:27:00+00:00,AAPL,313.82,313.93,80,40
2026-08-31 17:27:00+00:00,AMZN,260.79,260.83,100,100
2026-08-31 17:27:00+00:00,GOOGL,337.87,338.63,40,40
2026-08-31 17:27:00+00:00,JPM,354.0,355.98,120,120
2026-08-31 17:27:00+00:00,META,570.3,571.22,80,40
2026-08-31 17:27:00+00:00,MSFT,510.85,511.01,40,40
2026-08-31 17:27:00+00:00,NVDA,219.55,219.6,600,200
2026-08-31 17:27:00+00:00,TSLA,365.0,365.5,40,120
2026-08-31 17:27:00+00:00,UNH,388.89,405.18,40,40
2026-08-31 17:27:00+00:00,XOM,159.7,159.74,100,100
2026-08-31 17:28:00+00:00,AAPL,313.72,313.86,80,80
2026-08-31 17:28:00+00:00,AMZN,260.76,260.82,100,100
2026-08-31 17:28:00+00:00,GOOGL,337.87,338.59,80,120
2026-08-31 17:28:00+00:00,JPM,355.86,355.96,40,120
2026-08-31 17:28:00+00:00,META,570.3,571.83,80,80
2026-08-31 17:28:00+00:00,MSFT,509.0,510.6,40,40
2026-08-31 17:28:00+00:00,NVDA,219.43,219.45,500,700
2026-08-31 17:28:00+00:00,TSLA,365.5,365.93,40,80
2026-08-31 17:28:00+00:00,UNH,390.16,405.18,40,80
2026-08-31 17:28:00+00:00,XOM,159.68,159.72,100,100
2026-08-31 17:29:00+00:00,AAPL,313.85,313.88,80,80
2026-08-31 17:29:00+00:00,AMZN,260.71,260.81,100,100
2026-08-31 17:29:00+00:00,GOOGL,337.87,338.55,40,120
2026-08-31 17:29:00+00:00,JPM,355.88,356.05,40,80
2026-08-31 17:29:00+00:00,META,570.3,571.83,80,80
2026-08-31 17:29:00+00:00,MSFT,510.53,510.73,40,80
2026-08-31 17:29:00+00:00,NVDA,219.33,219.37,500,500
2026-08-31 17:29:00+00:00,TSLA,365.0,365.93,40,80
2026-08-31 17:29:00+00:00,UNH,390.17,405.18,40,40
2026-08-31 17:29:00+00:00,XOM,159.42,159.73,100,100
2026-08-31 17:30:00+00:00,AAPL,313.7,313.72,40,80
2026-08-31 17:30:00+00:00,AMZN,260.8,260.9,100,100
2026-08-31 17:30:00+00:00,GOOGL,337.86,338.3,40,80
2026-08-31 17:30:00+00:00,JPM,355.88,355.98,40,120
2026-08-31 17:30:00+00:00,META,570.3,571.83,80,80
2026-08-31 17:30:00+00:00,MSFT,509.0,510.7,40,40
2026-08-31 17:30:00+00:00,NVDA,219.21,219.22,400,200
2026-08-31 17:30:00+00:00,TSLA,365.38,365.93,40,80
2026-08-31 17:30:00+00:00,UNH,390.17,390.35,40,80
2026-08-31 17:30:00+00:00,XOM,159.2,159.6,600,100
2026-08-31 17:31:00+00:00,AAPL,313.3,313.7,80,80
2026-08-31 17:31:00+00:00,AMZN,260.79,260.93,100,100
2026-08-31 17:31:00+00:00,GOOGL,337.87,338.36,40,80
2026-08-31 17:31:00+00:00,JPM,356.0,356.12,40,80
2026-08-31 17:31:00+00:00,META,570.03,571.28,80,80
2026-08-31 17:31:00+00:00,MSFT,510.35,510.7,40,40
2026-08-31 17:31:00+00:00,NVDA,219.22,219.24,700,700
2026-08-31 17:31:00+00:00,TSLA,365.52,365.71,40,40
2026-08-31 17:31:00+00:00,UNH,390.21,405.18,40,80
2026-08-31 17:31:00+00:00,XOM,159.71,159.89,100,100
2026-08-31 17:32:00+00:00,AAPL,313.69,313.77,80,40
2026-08-31 17:32:00+00:00,AMZN,260.7,260.76,100,100
2026-08-31 17:32:00+00:00,GOOGL,338.29,338.47,40,120
2026-08-31 17:32:00+00:00,JPM,356.11,357.62,40,320
2026-08-31 17:32:00+00:00,META,570.03,571.17,80,80
2026-08-31 17:32:00+00:00,MSFT,510.09,510.59,40,40
2026-08-31 17:32:00+00:00,NVDA,219.35,219.36,100,300
2026-08-31 17:32:00+00:00,TSLA,365.7,365.93,80,80
2026-08-31 17:32:00+00:00,UNH,390.37,405.18,40,80
2026-08-31 17:32:00+00:00,XOM,159.2,159.79,600,100
2026-08-31 17:33:00+00:00,AAPL,313.3,313.77,80,40
2026-08-31 17:33:00+00:00,AMZN,260.68,260.77,100,100
2026-08-31 17:33:00+00:00,GOOGL,338.28,338.42,40,40
2026-08-31 17:33:00+00:00,JPM,354.0,356.25,120,40
2026-08-31 17:33:00+00:00,META,570.03,571.27,80,40
2026-08-31 17:33:00+00:00,MSFT,509.94,510.59,40,40
2026-08-31 17:33:00+00:00,NVDA,219.33,219.36,500,600
2026-08-31 17:33:00+00:00,TSLA,365.0,366.38,80,80
2026-08-31 17:33:00+00:00,UNH,390.41,405.18,40,80
2026-08-31 17:33:00+00:00,XOM,159.5,159.78,100,100
2026-08-31 17:34:00+00:00,AAPL,313.38,313.41,80,80
2026-08-31 17:34:00+00:00,AMZN,260.37,260.65,100,100
2026-08-31 17:34:00+00:00,GOOGL,337.86,338.22,40,40
2026-08-31 17:34:00+00:00,JPM,354.0,356.08,120,80
2026-08-31 17:34:00+00:00,META,570.03,571.43,80,120
2026-08-31 17:34:00+00:00,MSFT,509.94,510.59,40,40
2026-08-31 17:34:00+00:00,NVDA,219.21,219.26,600,400
2026-08-31 17:34:00+00:00,TSLA,365.0,367.5,80,200
2026-08-31 17:34:00+00:00,UNH,390.54,405.18,40,80
2026-08-31 17:34:00+00:00,XOM,159.87,159.92,100,100
2026-08-31 17:35:00+00:00,AAPL,313.3,313.6,40,80
2026-08-31 17:35:00+00:00,AMZN,260.68,260.72,100,100
2026-08-31 17:35:00+00:00,GOOGL,337.86,338.33,40,40
2026-08-31 17:35:00+00:00,JPM,354.0,357.62,120,320
2026-08-31 17:35:00+00:00,META,570.03,572.31,80,80
2026-08-31 17:35:00+00:00,MSFT,510.37,510.59,80,40
2026-08-31 17:35:00+00:00,NVDA,219.28,219.3,400,500
2026-08-31 17:35:00+00:00,TSLA,365.0,367.5,80,200
2026-08-31 17:35:00+00:00,UNH,390.59,390.87,40,40
2026-08-31 17:35:00+00:00,XOM,159.87,159.99,100,100
2026-08-31 17:36:00+00:00,AAPL,313.75,313.79,80,40
2026-08-31 17:36:00+00:00,AMZN,260.7,260.79,100,100
2026-08-31 17:36:00+00:00,GOOGL,338.39,338.63,40,40
2026-08-31 17:36:00+00:00,JPM,354.0,356.14,120,40
2026-08-31 17:36:00+00:00,META,571.64,572.31,80,80
2026-08-31 17:36:00+00:00,MSFT,510.2,510.4,40,40
2026-08-31 17:36:00+00:00,NVDA,219.1,219.41,100,200
2026-08-31 17:36:00+00:00,TSLA,367.0,367.5,40,200
2026-08-31 17:36:00+00:00,UNH,390.59,405.18,40,80
2026-08-31 17:36:00+00:00,XOM,159.54,159.99,100,100
2026-08-31 17:37:00+00:00,AAPL,313.3,314.03,40,120
2026-08-31 17:37:00+00:00,AMZN,260.65,260.73,100,100
2026-08-31 17:37:00+00:00,GOOGL,337.86,338.28,40,440
2026-08-31 17:37:00+00:00,JPM,354.0,355.75,120,40
2026-08-31 17:37:00+00:00,META,571.5,572.31,40,80
2026-08-31 17:37:00+00:00,MSFT,509.94,510.59,40,40
2026-08-31 17:37:00+00:00,NVDA,219.39,219.41,500,500
2026-08-31 17:37:00+00:00,TSLA,365.0,367.5,80,200
2026-08-31 17:37:00+00:00,UNH,390.59,405.18,40,80
2026-08-31 17:37:00+00:00,XOM,159.54,160.12,100,100
2026-08-31 17:38:00+00:00,AAPL,313.93,313.97,40,240
2026-08-31 17:38:00+00:00,AMZN,260.7,260.74,100,100
2026-08-31 17:38:00+00:00,GOOGL,338.18,338.28,40,440
2026-08-31 17:38:00+00:00,JPM,354.0,355.55,120,40
2026-08-31 17:38:00+00:00,META,571.23,572.01,80,40
2026-08-31 17:38:00+00:00,MSFT,510.36,510.59,40,40
2026-08-31 17:38:00+00:00,NVDA,219.28,219.33,100,700
2026-08-31 17:38:00+00:00,TSLA,365.0,367.5,80,200
2026-08-31 17:38:00+00:00,UNH,390.72,405.18,40,40
2026-08-31 17:38:00+00:00,XOM,159.23,160.11,100,100
2026-08-31 17:39:00+00:00,AAPL,313.3,314.11,40,200
2026-08-31 17:39:00+00:00,AMZN,260.86,260.91,100,200
2026-08-31 17:39:00+00:00,GOOGL,338.29,338.99,40,80
2026-08-31 17:39:00+00:00,JPM,355.42,355.55,120,40
2026-08-31 17:39:00+00:00,META,571.6,572.31,80,80
2026-08-31 17:39:00+00:00,MSFT,510.37,510.7,80,40
2026-08-31 17:39:00+00:00,NVDA,219.34,219.36,100,500
2026-08-31 17:39:00+00:00,TSLA,365.0,367.5,40,200
2026-08-31 17:39:00+00:00,UNH,390.82,405.18,40,40
2026-08-31 17:39:00+00:00,XOM,159.26,160.08,100,100
2026-08-31 17:40:00+00:00,AAPL,313.76,314.15,40,80
2026-08-31 17:40:00+00:00,AMZN,260.87,261.91,100,200
2026-08-31 17:40:00+00:00,GOOGL,338.2,338.34,80,80
2026-08-31 17:40:00+00:00,JPM,354.0,355.55,120,40
2026-08-31 17:40:00+00:00,META,571.64,572.31,80,80
2026-08-31 17:40:00+00:00,MSFT,510.62,510.84,40,40
2026-08-31 17:40:00+00:00,NVDA,219.41,219.42,900,100
2026-08-31 17:40:00+00:00,TSLA,365.0,367.5,40,200
2026-08-31 17:40:00+00:00,UNH,388.89,405.18,40,40
2026-08-31 17:40:00+00:00,XOM,159.25,160.13,100,100
2026-08-31 17:41:00+00:00,AAPL,313.77,314.25,40,40
2026-08-31 17:41:00+00:00,AMZN,260.99,261.03,100,100
2026-08-31 17:41:00+00:00,GOOGL,338.47,338.99,40,80
2026-08-31 17:41:00+00:00,JPM,354.0,355.49,120,80
2026-08-31 17:41:00+00:00,META,571.23,572.31,80,80
2026-08-31 17:41:00+00:00,MSFT,510.7,510.83,40,40
2026-08-31 17:41:00+00:00,NVDA,219.57,219.59,200,700
2026-08-31 17:41:00+00:00,TSLA,365.0,367.5,40,200
2026-08-31 17:41:00+00:00,UNH,390.58,390.71,40,80
2026-08-31 17:41:00+00:00,XOM,159.25,160.15,100,100
2026-08-31 17:42:00+00:00,AAPL,314.04,314.08,80,80
2026-08-31 17:42:00+00:00,AMZN,260.97,261.17,100,100
2026-08-31 17:42:00+00:00,GOOGL,338.47,338.65,40,40
2026-08-31 17:42:00+00:00,JPM,354.0,355.4,120,40
2026-08-31 17:42:00+00:00,META,570.03,572.31,80,80
2026-08-31 17:42:00+00:00,MSFT,510.3,510.84,40,40
2026-08-31 17:42:00+00:00,NVDA,219.52,219.54,500,800
2026-08-31 17:42:00+00:00,TSLA,365.0,367.17,40,40
2026-08-31 17:42:00+00:00,UNH,390.59,405.18,80,40
2026-08-31 17:42:00+00:00,XOM,159.25,160.43,100,100
2026-08-31 17:43:00+00:00,AAPL,314.07,314.14,40,80
2026-08-31 17:43:00+00:00,AMZN,261.0,261.06,100,200
2026-08-31 17:43:00+00:00,GOOGL,338.55,338.71,40,40
2026-08-31 17:43:00+00:00,JPM,354.0,355.55,120,40
2026-08-31 17:43:00+00:00,META,570.03,572.31,80,80
2026-08-31 17:43:00+00:00,MSFT,510.3,510.84,40,40
2026-08-31 17:43:00+00:00,NVDA,219.56,219.58,800,700
2026-08-31 17:43:00+00:00,TSLA,365.0,367.5,40,200
2026-08-31 17:43:00+00:00,UNH,390.56,405.18,40,40
2026-08-31 17:43:00+00:00,XOM,160.16,160.43,100,100
2026-08-31 17:44:00+00:00,AAPL,314.13,314.18,120,200
2026-08-31 17:44:00+00:00,AMZN,260.99,261.06,200,100
2026-08-31 17:44:00+00:00,GOOGL,338.47,338.74,40,40
2026-08-31 17:44:00+00:00,JPM,354.0,355.55,120,40
2026-08-31 17:44:00+00:00,META,570.03,572.31,80,80
2026-08-31 17:44:00+00:00,MSFT,510.56,510.84,40,40
2026-08-31 17:44:00+00:00,NVDA,219.65,219.67,500,700
2026-08-31 17:44:00+00:00,TSLA,367.2,367.5,80,200
2026-08-31 17:44:00+00:00,UNH,390.5,405.18,40,40
2026-08-31 17:44:00+00:00,XOM,160.19,160.43,100,100
2026-08-31 17:45:00+00:00,AAPL,314.13,314.28,80,280
2026-08-31 17:45:00+00:00,AMZN,261.0,261.05,100,100
2026-08-31 17:45:00+00:00,GOOGL,338.47,338.99,40,40
2026-08-31 17:45:00+00:00,JPM,354.0,355.55,120,40
2026-08-31 17:45:00+00:00,META,570.03,572.31,80,80
2026-08-31 17:45:00+00:00,MSFT,510.57,510.73,40,40
2026-08-31 17:45:00+00:00,NVDA,219.61,219.64,700,100
2026-08-31 17:45:00+00:00,TSLA,367.2,368.0,80,80
2026-08-31 17:45:00+00:00,UNH,390.5,405.18,40,40
2026-08-31 17:45:00+00:00,XOM,158.03,160.43,100,100
2026-08-31 17:46:00+00:00,AAPL,314.23,314.26,80,40
2026-08-31 17:46:00+00:00,AMZN,260.86,261.0,100,100
2026-08-31 17:46:00+00:00,GOOGL,338.47,338.88,40,120
2026-08-31 17:46:00+00:00,JPM,354.0,355.67,120,120
2026-08-31 17:46:00+00:00,META,571.63,571.91,80,40
2026-08-31 17:46:00+00:00,MSFT,510.61,510.73,40,40
2026-08-31 17:46:00+00:00,NVDA,219.56,219.75,700,700
2026-08-31 17:46:00+00:00,TSLA,365.0,368.0,40,80
2026-08-31 17:46:00+00:00,UNH,390.5,405.18,40,40
2026-08-31 17:46:00+00:00,XOM,158.07,160.43,100,100
2026-08-31 17:47:00+00:00,AAPL,314.3,314.35,80,160
2026-08-31 17:47:00+00:00,AMZN,261.0,261.05,100,100
2026-08-31 17:47:00+00:00,GOOGL,338.67,338.76,40,40
2026-08-31 17:47:00+00:00,JPM,354.0,357.62,120,320
2026-08-31 17:47:00+00:00,META,570.03,571.94,80,40
2026-08-31 17:47:00+00:00,MSFT,510.64,510.84,40,40
2026-08-31 17:47:00+00:00,NVDA,219.72,219.74,100,600
2026-08-31 17:47:00+00:00,TSLA,365.0,368.0,40,80
2026-08-31 17:47:00+00:00,UNH,390.81,405.18,40,40
2026-08-31 17:47:00+00:00,XOM,158.1,160.5,100,100
2026-08-31 17:48:00+00:00,AAPL,314.36,314.38,80,80
2026-08-31 17:48:00+00:00,AMZN,261.08,261.13,100,100
2026-08-31 17:48:00+00:00,GOOGL,338.47,338.69,40,40
2026-08-31 17:48:00+00:00,JPM,354.0,355.83,120,80
2026-08-31 17:48:00+00:00,META,571.64,572.31,80,80
2026-08-31 17:48:00+00:00,MSFT,510.23,510.84,40,40
2026-08-31 17:48:00+00:00,NVDA,219.78,219.8,800,400
2026-08-31 17:48:00+00:00,TSLA,367.57,368.0,40,80
2026-08-31 17:48:00+00:00,UNH,388.64,405.18,120,40
2026-08-31 17:48:00+00:00,XOM,158.1,160.5,100,100
2026-08-31 17:49:00+00:00,AAPL,314.42,314.49,40,160
2026-08-31 17:49:00+00:00,AMZN,261.0,261.13,100,100
2026-08-31 17:49:00+00:00,GOOGL,338.49,338.54,40,40
2026-08-31 17:49:00+00:00,JPM,354.0,355.82,120,40
2026-08-31 17:49:00+00:00,META,571.64,572.18,80,40
2026-08-31 17:49:00+00:00,MSFT,510.23,510.84,40,40
2026-08-31 17:49:00+00:00,NVDA,219.74,219.79,100,500
2026-08-31 17:49:00+00:00,TSLA,367.45,367.67,480,240
2026-08-31 17:49:00+00:00,UNH,390.77,405.18,40,40
2026-08-31 17:49:00+00:00,XOM,158.06,160.29,100,100
2026-08-31 17:50:00+00:00,AAPL,314.52,314.53,40,80
2026-08-31 17:50:00+00:00,AMZN,261.3,261.35,100,100
2026-08-31 17:50:00+00:00,GOOGL,338.58,338.99,80,40
2026-08-31 17:50:00+00:00,JPM,354.0,355.8,120,40
2026-08-31 17:50:00+00:00,META,571.82,572.14,200,80
2026-08-31 17:50:00+00:00,MSFT,510.23,511.77,40,40
2026-08-31 17:50:00+00:00,NVDA,219.92,219.95,500,500
2026-08-31 17:50:00+00:00,TSLA,367.45,368.0,480,80
2026-08-31 17:50:00+00:00,UNH,390.76,405.18,40,80
2026-08-31 17:50:00+00:00,XOM,158.09,160.29,100,100
2026-08-31 17:51:00+00:00,AAPL,314.68,314.86,80,40
2026-08-31 17:51:00+00:00,AMZN,261.16,261.35,100,100
2026-08-31 17:51:00+00:00,GOOGL,338.58,338.99,80,40
2026-08-31 17:51:00+00:00,JPM,354.0,355.74,120,40
2026-08-31 17:51:00+00:00,META,571.92,572.7,80,80
2026-08-31 17:51:00+00:00,MSFT,510.23,511.77,40,40
2026-08-31 17:51:00+00:00,NVDA,219.95,219.97,800,600
2026-08-31 17:51:00+00:00,TSLA,367.45,368.17,480,120
2026-08-31 17:51:00+00:00,UNH,388.64,405.18,120,40
2026-08-31 17:51:00+00:00,XOM,160.25,160.5,100,100
2026-08-31 17:52:00+00:00,AAPL,314.79,314.88,80,40
2026-08-31 17:52:00+00:00,AMZN,261.26,261.32,100,100
2026-08-31 17:52:00+00:00,GOOGL,338.7,338.73,40,40
2026-08-31 17:52:00+00:00,JPM,354.0,355.74,120,120
2026-08-31 17:52:00+00:00,META,572.07,572.38,40,80
2026-08-31 17:52:00+00:00,MSFT,511.01,511.77,40,40
2026-08-31 17:52:00+00:00,NVDA,219.92,219.94,700,800
2026-08-31 17:52:00+00:00,TSLA,368.06,368.09,40,40
2026-08-31 17:52:00+00:00,UNH,388.64,405.18,120,80
2026-08-31 17:52:00+00:00,XOM,158.07,160.5,100,100
2026-08-31 17:53:00+00:00,AAPL,314.81,315.0,80,80
2026-08-31 17:53:00+00:00,AMZN,261.26,261.3,100,100
2026-08-31 17:53:00+00:00,GOOGL,338.2,338.99,40,40
2026-08-31 17:53:00+00:00,JPM,354.0,355.75,120,40
2026-08-31 17:53:00+00:00,META,571.82,572.18,200,120
2026-08-31 17:53:00+00:00,MSFT,511.12,511.77,40,40
2026-08-31 17:53:00+00:00,NVDA,219.92,219.93,100,600
2026-08-31 17:53:00+00:00,TSLA,368.27,369.0,40,160
2026-08-31 17:53:00+00:00,UNH,388.64,405.18,120,40
2026-08-31 17:53:00+00:00,XOM,160.3,160.5,100,100
2026-08-31 17:54:00+00:00,AAPL,315.08,315.43,40,40
2026-08-31 17:54:00+00:00,AMZN,261.19,261.35,100,100
2026-08-31 17:54:00+00:00,GOOGL,338.59,338.64,80,40
2026-08-31 17:54:00+00:00,JPM,354.0,355.74,120,80
2026-08-31 17:54:00+00:00,META,571.69,572.06,80,40
2026-08-31 17:54:00+00:00,MSFT,511.0,511.77,40,40
2026-08-31 17:54:00+00:00,NVDA,219.88,219.9,100,400
2026-08-31 17:54:00+00:00,TSLA,368.23,369.0,40,160
2026-08-31 17:54:00+00:00,UNH,388.64,405.18,120,40
2026-08-31 17:54:00+00:00,XOM,158.07,160.38,100,100
2026-08-31 17:55:00+00:00,AAPL,314.99,315.07,80,120
2026-08-31 17:55:00+00:00,AMZN,261.21,261.33,100,100
2026-08-31 17:55:00+00:00,GOOGL,338.18,338.55,40,40
2026-08-31 17:55:00+00:00,JPM,354.0,357.62,120,320
2026-08-31 17:55:00+00:00,META,571.64,572.0,160,40
2026-08-31 17:55:00+00:00,MSFT,510.98,511.77,40,40
2026-08-31 17:55:00+00:00,NVDA,219.77,219.79,400,100
2026-08-31 17:55:00+00:00,TSLA,365.0,368.39,40,240
2026-08-31 17:55:00+00:00,UNH,390.66,405.18,40,40
2026-08-31 17:55:00+00:00,XOM,160.2,160.38,100,100
2026-08-31 17:56:00+00:00,AAPL,315.01,315.04,80,80
2026-08-31 17:56:00+00:00,AMZN,261.14,261.18,100,100
2026-08-31 17:56:00+00:00,GOOGL,338.18,338.57,40,40
2026-08-31 17:56:00+00:00,JPM,354.0,355.91,120,80
2026-08-31 17:56:00+00:00,META,570.03,571.84,80,40
2026-08-31 17:56:00+00:00,MSFT,510.95,511.08,40,320
2026-08-31 17:56:00+00:00,NVDA,219.73,219.75,700,100
2026-08-31 17:56:00+00:00,TSLA,365.0,368.39,40,240
2026-08-31 17:56:00+00:00,UNH,390.79,405.18,80,40
2026-08-31 17:56:00+00:00,XOM,158.13,160.22,100,100
2026-08-31 17:57:00+00:00,AAPL,314.63,315.06,120,40
2026-08-31 17:57:00+00:00,AMZN,261.01,261.1,100,100
2026-08-31 17:57:00+00:00,GOOGL,338.18,338.43,40,40
2026-08-31 17:57:00+00:00,JPM,354.0,357.62,120,320
2026-08-31 17:57:00+00:00,META,570.03,571.63,80,80
2026-08-31 17:57:00+00:00,MSFT,510.9,510.96,80,40
2026-08-31 17:57:00+00:00,NVDA,219.55,219.57,700,100
2026-08-31 17:57:00+00:00,TSLA,365.0,368.39,40,240
2026-08-31 17:57:00+00:00,UNH,388.89,405.18,40,40
2026-08-31 17:57:00+00:00,XOM,160.15,160.5,100,100
2026-08-31 17:58:00+00:00,AAPL,314.98,315.03,40,40
2026-08-31 17:58:00+00:00,AMZN,261.06,261.12,100,100
2026-08-31 17:58:00+00:00,GOOGL,338.18,338.49,40,40
2026-08-31 17:58:00+00:00,JPM,354.0,355.89,120,80
2026-08-31 17:58:00+00:00,META,570.03,571.88,80,80
2026-08-31 17:58:00+00:00,MSFT,510.23,511.77,40,40
2026-08-31 17:58:00+00:00,NVDA,219.51,219.53,300,600
2026-08-31 17:58:00+00:00,TSLA,365.0,368.39,40,240
2026-08-31 17:58:00+00:00,UNH,388.89,390.81,40,40
2026-08-31 17:58:00+00:00,XOM,160.13,160.5,100,100
2026-08-31 17:59:00+00:00,AAPL,315.08,315.16,160,40
2026-08-31 17:59:00+00:00,AMZN,261.02,261.09,200,100
2026-08-31 17:59:00+00:00,GOOGL,338.37,338.51,80,40
2026-08-31 17:59:00+00:00,JPM,354.0,355.9,120,40
2026-08-31 17:59:00+00:00,META,570.03,572.27,80,80
2026-08-31 17:59:00+00:00,MSFT,510.23,511.06,40,40
2026-08-31 17:59:00+00:00,NVDA,219.6,219.62,300,800
2026-08-31 17:59:00+00:00,TSLA,365.0,369.0,40,160
2026-08-31 17:59:00+00:00,UNH,388.89,390.81,40,40
2026-08-31 17:59:00+00:00,XOM,160.08,160.5,100,100
2026-08-31 18:00:00+00:00,AAPL,314.63,315.16,120,40
2026-08-31 18:00:00+00:00,AMZN,257.1,259.23,100,100
2026-08-31 18:00:00+00:00,GOOGL,338.03,338.16,40,40
2026-08-31 18:00:00+00:00,JPM,354.0,357.62,120,320
2026-08-31 18:00:00+00:00,META,570.03,571.58,80,80
2026-08-31 18:00:00+00:00,MSFT,510.23,510.74,40,40
2026-08-31 18:00:00+00:00,NVDA,219.6,219.62,600,500
2026-08-31 18:00:00+00:00,TSLA,365.0,369.0,40,160
2026-08-31 18:00:00+00:00,UNH,390.78,405.18,80,40
2026-08-31 18:00:00+00:00,XOM,160.21,160.5,100,100
2026-08-31 18:01:00+00:00,AAPL,314.93,314.97,80,120
2026-08-31 18:01:00+00:00,AMZN,256.7,259.03,300,100
2026-08-31 18:01:00+00:00,GOOGL,338.0,338.51,40,200
2026-08-31 18:01:00+00:00,JPM,354.0,356.0,120,80
2026-08-31 18:01:00+00:00,META,571.55,572.25,80,80
2026-08-31 18:01:00+00:00,MSFT,510.23,511.38,40,40
2026-08-31 18:01:00+00:00,NVDA,219.6,219.62,100,600
2026-08-31 18:01:00+00:00,TSLA,365.0,369.0,40,160
2026-08-31 18:01:00+00:00,UNH,390.71,405.18,40,40
2026-08-31 18:01:00+00:00,XOM,160.14,160.5,100,100
2026-08-31 18:02:00+00:00,AAPL,314.92,314.95,80,120
2026-08-31 18:02:00+00:00,AMZN,258.43,258.55,100,100
2026-08-31 18:02:00+00:00,GOOGL,338.0,338.23,40,80
2026-08-31 18:02:00+00:00,JPM,354.0,355.85,120,80
2026-08-31 18:02:00+00:00,META,570.03,572.25,80,80
2026-08-31 18:02:00+00:00,MSFT,510.99,511.23,40,40
2026-08-31 18:02:00+00:00,NVDA,219.59,219.61,100,700
2026-08-31 18:02:00+00:00,TSLA,365.0,368.2,40,40
2026-08-31 18:02:00+00:00,UNH,388.89,405.18,40,80
2026-08-31 18:02:00+00:00,XOM,160.2,160.5,100,100
2026-08-31 18:03:00+00:00,AAPL,314.66,315.09,40,40
2026-08-31 18:03:00+00:00,AMZN,259.18,259.27,100,100
2026-08-31 18:03:00+00:00,GOOGL,338.0,338.51,40,40
2026-08-31 18:03:00+00:00,JPM,354.0,355.98,120,80
2026-08-31 18:03:00+00:00,META,570.03,572.33,80,80
2026-08-31 18:03:00+00:00,MSFT,511.13,511.28,40,40
2026-08-31 18:03:00+00:00,NVDA,219.6,219.63,600,1500
2026-08-31 18:03:00+00:00,TSLA,365.0,368.2,40,40
2026-08-31 18:03:00+00:00,UNH,388.89,405.18,40,40
2026-08-31 18:03:00+00:00,XOM,160.0,160.5,100,100
2026-08-31 18:04:00+00:00,AAPL,314.69,315.22,40,40
2026-08-31 18:04:00+00:00,AMZN,259.5,259.6,100,100
2026-08-31 18:04:00+00:00,GOOGL,338.01,338.99,40,40
2026-08-31 18:04:00+00:00,JPM,354.0,355.93,120,160
2026-08-31 18:04:00+00:00,META,570.03,572.09,80,80
2026-08-31 18:04:00+00:00,MSFT,511.16,511.33,80,400
2026-08-31 18:04:00+00:00,NVDA,219.63,219.64,600,300
2026-08-31 18:04:00+00:00,TSLA,365.0,368.2,40,40
2026-08-31 18:04:00+00:00,UNH,388.89,405.18,40,40
2026-08-31 18:04:00+00:00,XOM,160.0,160.5,100,100
2026-08-31 18:05:00+00:00,AAPL,315.16,315.19,80,120
2026-08-31 18:05:00+00:00,AMZN,258.41,258.51,100,100
2026-08-31 18:05:00+00:00,GOOGL,338.01,338.6,40,40
2026-08-31 18:05:00+00:00,JPM,355.86,357.62,40,320
2026-08-31 18:05:00+00:00,META,570.03,571.23,80,80
2026-08-31 18:05:00+00:00,MSFT,511.15,511.47,40,320
2026-08-31 18:05:00+00:00,NVDA,219.0,219.59,200,200
2026-08-31 18:05:00+00:00,TSLA,367.43,367.54,40,80
2026-08-31 18:05:00+00:00,UNH,390.0,405.18,40,40
2026-08-31 18:05:00+00:00,XOM,158.07,160.5,100,100
2026-08-31 18:06:00+00:00,AAPL,315.28,315.35,40,80
2026-08-31 18:06:00+00:00,AMZN,258.67,258.79,100,100
2026-08-31 18:06:00+00:00,GOOGL,338.01,338.6,40,40
2026-08-31 18:06:00+00:00,JPM,354.0,357.62,120,320
2026-08-31 18:06:00+00:00,META,570.03,571.67,80,40
2026-08-31 18:06:00+00:00,MSFT,511.18,511.36,40,40
2026-08-31 18:06:00+00:00,NVDA,219.62,219.64,500,500
2026-08-31 18:06:00+00:00,TSLA,365.0,368.05,40,80
2026-08-31 18:06:00+00:00,UNH,390.93,405.18,40,40
2026-08-31 18:06:00+00:00,XOM,158.13,160.26,100,100
2026-08-31 18:07:00+00:00,AAPL,314.68,315.4,40,80
2026-08-31 18:07:00+00:00,AMZN,258.65,258.77,100,100
2026-08-31 18:07:00+00:00,GOOGL,338.0,338.6,40,40
2026-08-31 18:07:00+00:00,JPM,354.0,356.04,120,40
2026-08-31 18:07:00+00:00,META,571.44,572.33,40,80
2026-08-31 18:07:00+00:00,MSFT,510.92,511.16,40,400
2026-08-31 18:07:00+00:00,NVDA,219.56,219.58,100,600
2026-08-31 18:07:00+00:00,TSLA,365.0,368.05,40,80
2026-08-31 18:07:00+00:00,UNH,391.02,405.18,40,40
2026-08-31 18:07:00+00:00,XOM,160.15,160.21,100,100
2026-08-31 18:08:00+00:00,AAPL,315.46,315.53,40,40
2026-08-31 18:08:00+00:00,AMZN,257.87,259.26,100,100
2026-08-31 18:08:00+00:00,GOOGL,338.59,338.87,40,120
2026-08-31 18:08:00+00:00,JPM,355.96,356.05,40,40
2026-08-31 18:08:00+00:00,META,570.03,572.33,80,80
2026-08-31 18:08:00+00:00,MSFT,511.17,511.47,40,320
2026-08-31 18:08:00+00:00,NVDA,219.58,219.6,300,300
2026-08-31 18:08:00+00:00,TSLA,365.0,367.31,40,160
2026-08-31 18:08:00+00:00,UNH,390.84,391.41,40,40
2026-08-31 18:08:00+00:00,XOM,158.13,160.12,100,100
2026-08-31 18:09:00+00:00,AAPL,315.56,315.79,640,40
2026-08-31 18:09:00+00:00,AMZN,258.95,259.05,100,100
2026-08-31 18:09:00+00:00,GOOGL,338.35,338.9,40,40
2026-08-31 18:09:00+00:00,JPM,355.93,356.02,40,40
2026-08-31 18:09:00+00:00,META,570.03,572.33,80,80
2026-08-31 18:09:00+00:00,MSFT,510.92,511.26,40,80
2026-08-31 18:09:00+00:00,NVDA,219.6,219.62,200,400
2026-08-31 18:09:00+00:00,TSLA,365.0,367.39,40,40
2026-08-31 18:09:00+00:00,UNH,390.95,405.18,40,40
2026-08-31 18:09:00+00:00,XOM,160.17,160.21,100,100
2026-08-31 18:10:00+00:00,AAPL,314.74,315.59,40,80
2026-08-31 18:10:00+00:00,AMZN,256.98,258.57,100,100
2026-08-31 18:10:00+00:00,GOOGL,338.35,338.64,40,120
2026-08-31 18:10:00+00:00,JPM,355.91,356.07,40,40
2026-08-31 18:10:00+00:00,META,570.03,571.94,80,120
2026-08-31 18:10:00+00:00,MSFT,510.92,511.25,40,40
2026-08-31 18:10:00+00:00,NVDA,219.51,219.54,800,1000
2026-08-31 18:10:00+00:00,TSLA,366.0,368.05,40,80
2026-08-31 18:10:00+00:00,UNH,391.26,405.18,80,40
2026-08-31 18:10:00+00:00,XOM,160.16,160.19,100,100
2026-08-31 18:11:00+00:00,AAPL,315.56,315.62,40,80
2026-08-31 18:11:00+00:00,AMZN,258.48,258.61,100,100
2026-08-31 18:11:00+00:00,GOOGL,338.0,338.4,40,80
2026-08-31 18:11:00+00:00,JPM,354.0,356.07,160,40
2026-08-31 18:11:00+00:00,META,571.63,571.94,40,120
2026-08-31 18:11:00+00:00,MSFT,511.31,511.77,40,40
2026-08-31 18:11:00+00:00,NVDA,219.34,219.37,100,700
2026-08-31 18:11:00+00:00,TSLA,367.13,367.35,80,80
2026-08-31 18:11:00+00:00,UNH,391.23,405.18,80,40
2026-08-31 18:11:00+00:00,XOM,160.27,160.29,100,100
2026-08-31 18:12:00+00:00,AAPL,314.74,315.58,40,120
2026-08-31 18:12:00+00:00,AMZN,258.21,258.34,100,100
2026-08-31 18:12:00+00:00,GOOGL,338.0,338.37,40,80
2026-08-31 18:12:00+00:00,JPM,354.0,356.11,120,40
2026-08-31 18:12:00+00:00,META,570.03,571.94,80,120
2026-08-31 18:12:00+00:00,MSFT,511.46,511.77,40,40
2026-08-31 18:12:00+00:00,NVDA,219.36,219.38,700,1500
2026-08-31 18:12:00+00:00,TSLA,365.0,366.98,40,40
2026-08-31 18:12:00+00:00,UNH,391.26,391.46,120,40
2026-08-31 18:12:00+00:00,XOM,160.18,160.22,100,100
2026-08-31 18:13:00+00:00,AAPL,315.31,315.54,80,40
2026-08-31 18:13:00+00:00,AMZN,258.24,258.35,100,100
2026-08-31 18:13:00+00:00,GOOGL,338.52,338.9,40,40
2026-08-31 18:13:00+00:00,JPM,354.0,356.15,120,40
2026-08-31 18:13:00+00:00,META,570.03,571.94,80,120
2026-08-31 18:13:00+00:00,MSFT,511.56,511.64,40,160
2026-08-31 18:13:00+00:00,NVDA,219.37,219.39,600,500
2026-08-31 18:13:00+00:00,TSLA,367.14,367.29,40,80
2026-08-31 18:13:00+00:00,UNH,391.2,391.46,40,40
2026-08-31 18:13:00+00:00,XOM,160.19,160.5,100,100
2026-08-31 18:14:00+00:00,AAPL,315.34,315.37,80,80
2026-08-31 18:14:00+00:00,AMZN,258.26,258.35,100,100
2026-08-31 18:14:00+00:00,GOOGL,338.02,338.68,40,120
2026-08-31 18:14:00+00:00,JPM,354.0,356.1,120,160
2026-08-31 18:14:00+00:00,META,570.03,571.73,80,40
2026-08-31 18:14:00+00:00,MSFT,511.64,511.85,40,80
2026-08-31 18:14:00+00:00,NVDA,219.32,219.34,200,500
2026-08-31 18:14:00+00:00,TSLA,365.0,367.7,40,40
2026-08-31 18:14:00+00:00,UNH,391.34,405.18,40,40
2026-08-31 18:14:00+00:00,XOM,160.3,160.5,100,100
2026-08-31 18:15:00+00:00,AAPL,313.49,315.52,40,40
2026-08-31 18:15:00+00:00,AMZN,258.22,258.49,100,100
2026-08-31 18:15:00+00:00,GOOGL,338.53,338.9,40,40
2026-08-31 18:15:00+00:00,JPM,355.9,356.08,40,200
2026-08-31 18:15:00+00:00,META,572.18,572.43,40,120
2026-08-31 18:15:00+00:00,MSFT,510.23,511.51,40,160
2026-08-31 18:15:00+00:00,NVDA,219.29,219.3,100,700
2026-08-31 18:15:00+00:00,TSLA,368.02,369.0,80,160
2026-08-31 18:15:00+00:00,UNH,391.23,405.18,40,40
2026-08-31 18:15:00+00:00,XOM,158.19,160.23,100,100
2026-08-31 18:16:00+00:00,AAPL,313.49,315.31,40,80
2026-08-31 18:16:00+00:00,AMZN,258.25,258.39,100,100
2026-08-31 18:16:00+00:00,GOOGL,338.72,338.93,40,40
2026-08-31 18:16:00+00:00,JPM,355.9,356.07,40,80
2026-08-31 18:16:00+00:00,META,573.59,575.0,40,120
2026-08-31 18:16:00+00:00,MSFT,510.23,512.92,40,40
2026-08-31 18:16:00+00:00,NVDA,219.36,219.38,700,500
2026-08-31 18:16:00+00:00,TSLA,368.02,369.0,80,160
2026-08-31 18:16:00+00:00,UNH,391.23,405.18,40,40
2026-08-31 18:16:00+00:00,XOM,158.24,160.26,100,100
2026-08-31 18:17:00+00:00,AAPL,313.49,315.39,40,200
2026-08-31 18:17:00+00:00,AMZN,258.18,258.28,100,100
2026-08-31 18:17:00+00:00,GOOGL,338.02,338.79,40,80
2026-08-31 18:17:00+00:00,JPM,354.0,356.03,160,80
2026-08-31 18:17:00+00:00,META,570.03,575.0,80,120
2026-08-31 18:17:00+00:00,MSFT,510.23,512.18,40,40
2026-08-31 18:17:00+00:00,NVDA,219.37,219.39,200,600
2026-08-31 18:17:00+00:00,TSLA,365.0,368.15,40,120
2026-08-31 18:17:00+00:00,UNH,388.64,391.1,120,40
2026-08-31 18:17:00+00:00,XOM,158.33,160.25,100,100
2026-08-31 18:18:00+00:00,AAPL,315.26,315.5,40,40
2026-08-31 18:18:00+00:00,AMZN,258.35,258.73,100,100
2026-08-31 18:18:00+00:00,GOOGL,338.02,338.65,40,80
2026-08-31 18:18:00+00:00,JPM,354.0,356.03,160,120
2026-08-31 18:18:00+00:00,META,570.03,573.61,80,80
2026-08-31 18:18:00+00:00,MSFT,511.65,512.2,40,40
2026-08-31 18:18:00+00:00,NVDA,219.34,219.36,600,200
2026-08-31 18:18:00+00:00,TSLA,365.0,368.15,40,120
2026-08-31 18:18:00+00:00,UNH,388.64,391.09,120,40
2026-08-31 18:18:00+00:00,XOM,158.35,160.28,100,100
2026-08-31 18:19:00+00:00,AAPL,315.36,315.54,120,40
2026-08-31 18:19:00+00:00,AMZN,258.52,258.58,100,100
2026-08-31 18:19:00+00:00,GOOGL,338.56,338.65,40,40
2026-08-31 18:19:00+00:00,JPM,355.95,356.03,40,120
2026-08-31 18:19:00+00:00,META,570.03,573.61,80,80
2026-08-31 18:19:00+00:00,MSFT,510.23,512.03,40,120
2026-08-31 18:19:00+00:00,NVDA,219.42,219.44,200,100
2026-08-31 18:19:00+00:00,TSLA,367.6,368.15,40,120
2026-08-31 18:19:00+00:00,UNH,390.98,405.18,40,80
2026-08-31 18:19:00+00:00,XOM,158.35,160.32,100,100
2026-08-31 18:20:00+00:00,AAPL,315.53,315.8,80,40
2026-08-31 18:20:00+00:00,AMZN,258.02,258.42,100,200
2026-08-31 18:20:00+00:00,GOOGL,338.02,338.66,40,40
2026-08-31 18:20:00+00:00,JPM,355.99,356.06,40,200
2026-08-31 18:20:00+00:00,META,570.03,573.11,80,40
2026-08-31 18:20:00+00:00,MSFT,510.23,512.2,40,40
2026-08-31 18:20:00+00:00,NVDA,219.54,219.66,400,200
2026-08-31 18:20:00+00:00,TSLA,367.58,367.71,40,80
2026-08-31 18:20:00+00:00,UNH,391.08,405.18,40,40
2026-08-31 18:20:00+00:00,XOM,158.35,160.5,100,100
2026-08-31 18:21:00+00:00,AAPL,315.5,315.55,40,80
2026-08-31 18:21:00+00:00,AMZN,258.02,258.08,100,100
2026-08-31 18:21:00+00:00,GOOGL,338.02,338.65,40,40
2026-08-31 18:21:00+00:00,JPM,355.93,356.03,40,40
2026-08-31 18:21:00+00:00,META,570.03,573.11,80,40
2026-08-31 18:21:00+00:00,MSFT,510.23,512.2,40,40
2026-08-31 18:21:00+00:00,NVDA,219.53,219.55,200,600
2026-08-31 18:21:00+00:00,TSLA,365.0,368.15,40,120
2026-08-31 18:21:00+00:00,UNH,391.08,405.18,40,40
2026-08-31 18:21:00+00:00,XOM,160.31,160.5,100,100
2026-08-31 18:22:00+00:00,AAPL,315.36,315.8,120,40
2026-08-31 18:22:00+00:00,AMZN,258.12,258.22,100,700
2026-08-31 18:22:00+00:00,GOOGL,338.02,338.74,40,80
2026-08-31 18:22:00+00:00,JPM,354.0,356.09,120,40
2026-08-31 18:22:00+00:00,META,570.03,573.11,80,40
2026-08-31 18:22:00+00:00,MSFT,510.23,512.2,40,40
2026-08-31 18:22:00+00:00,NVDA,219.49,219.5,800,300
2026-08-31 18:22:00+00:00,TSLA,367.17,368.15,40,120
2026-08-31 18:22:00+00:00,UNH,388.64,405.18,120,40
2026-08-31 18:22:00+00:00,XOM,158.35,160.5,100,100
2026-08-31 18:23:00+00:00,AAPL,315.9,316.96,80,80
2026-08-31 18:23:00+00:00,AMZN,257.87,258.1,100,200
2026-08-31 18:23:00+00:00,GOOGL,338.02,338.56,40,40
2026-08-31 18:23:00+00:00,JPM,355.91,356.0,40,80
2026-08-31 18:23:00+00:00,META,572.11,573.11,40,40
2026-08-31 18:23:00+00:00,MSFT,510.23,512.2,40,40
2026-08-31 18:23:00+00:00,NVDA,219.59,219.6,100,200
2026-08-31 18:23:00+00:00,TSLA,366.0,368.15,40,120
2026-08-31 18:23:00+00:00,UNH,388.64,391.03,120,40
2026-08-31 18:23:00+00:00,XOM,158.35,160.35,100,100
2026-08-31 18:24:00+00:00,AAPL,315.8,315.92,80,40
2026-08-31 18:24:00+00:00,AMZN,257.75,257.81,100,100
2026-08-31 18:24:00+00:00,GOOGL,338.03,338.84,40,40
2026-08-31 18:24:00+00:00,JPM,355.9,355.97,40,80
2026-08-31 18:24:00+00:00,META,571.85,573.11,40,40
2026-08-31 18:24:00+00:00,MSFT,511.34,512.2,40,40
2026-08-31 18:24:00+00:00,NVDA,219.57,219.58,200,100
2026-08-31 18:24:00+00:00,TSLA,367.36,367.48,40,120
2026-08-31 18:24:00+00:00,UNH,388.64,405.18,120,40
2026-08-31 18:24:00+00:00,XOM,158.35,160.5,100,100
2026-08-31 18:25:00+00:00,AAPL,315.38,315.7,40,40
2026-08-31 18:25:00+00:00,AMZN,257.81,257.87,100,100
2026-08-31 18:25:00+00:00,GOOGL,338.01,338.63,40,120
2026-08-31 18:25:00+00:00,JPM,354.0,356.0,120,40
2026-08-31 18:25:00+00:00,META,570.03,573.11,80,40
2026-08-31 18:25:00+00:00,MSFT,510.97,512.2,40,40
2026-08-31 18:25:00+00:00,NVDA,219.45,219.47,700,900
2026-08-31 18:25:00+00:00,TSLA,366.0,368.15,40,120
2026-08-31 18:25:00+00:00,UNH,388.64,405.18,120,40
2026-08-31 18:25:00+00:00,XOM,160.41,160.44,100,100
2026-08-31 18:26:00+00:00,AAPL,315.36,315.86,120,40
2026-08-31 18:26:00+00:00,AMZN,257.54,257.59,100,100
2026-08-31 18:26:00+00:00,GOOGL,338.01,338.33,40,120
2026-08-31 18:26:00+00:00,JPM,354.0,356.0,120,40
2026-08-31 18:26:00+00:00,META,570.03,573.61,80,80
2026-08-31 18:26:00+00:00,MSFT,510.97,511.31,40,40
2026-08-31 18:26:00+00:00,NVDA,219.37,219.4,200,900
2026-08-31 18:26:00+00:00,TSLA,367.19,367.26,40,40
2026-08-31 18:26:00+00:00,UNH,388.64,405.18,120,40
2026-08-31 18:26:00+00:00,XOM,159.94,160.49,100,100
2026-08-31 18:27:00+00:00,AAPL,315.79,315.83,240,80
2026-08-31 18:27:00+00:00,AMZN,257.51,257.59,100,100
2026-08-31 18:27:00+00:00,GOOGL,338.01,338.99,40,40
2026-08-31 18:27:00+00:00,JPM,354.0,356.0,120,40
2026-08-31 18:27:00+00:00,META,570.99,573.61,80,80
2026-08-31 18:27:00+00:00,MSFT,510.97,511.27,40,40
2026-08-31 18:27:00+00:00,NVDA,219.2,219.22,800,100
2026-08-31 18:27:00+00:00,TSLA,367.37,367.5,40,80
2026-08-31 18:27:00+00:00,UNH,388.64,405.18,120,40
2026-08-31 18:27:00+00:00,XOM,159.94,160.5,100,200
2026-08-31 18:28:00+00:00,AAPL,315.36,315.89,160,40
2026-08-31 18:28:00+00:00,AMZN,257.61,257.67,100,100
2026-08-31 18:28:00+00:00,GOOGL,337.86,338.15,40,40
2026-08-31 18:28:00+00:00,JPM,354.0,355.91,120,40
2026-08-31 18:28:00+00:00,META,570.99,571.7,80,40
2026-08-31 18:28:00+00:00,MSFT,510.97,511.13,40,40
2026-08-31 18:28:00+00:00,NVDA,219.08,219.1,600,500
2026-08-31 18:28:00+00:00,TSLA,367.26,369.0,120,160
2026-08-31 18:28:00+00:00,UNH,390.94,391.12,40,40
2026-08-31 18:28:00+00:00,XOM,160.49,160.53,100,100
2026-08-31 18:29:00+00:00,AAPL,315.36,315.69,120,80
2026-08-31 18:29:00+00:00,AMZN,257.8,257.85,100,100
2026-08-31 18:29:00+00:00,GOOGL,337.86,338.1,40,40
2026-08-31 18:29:00+00:00,JPM,354.0,355.92,120,80
2026-08-31 18:29:00+00:00,META,571.47,573.61,120,80
2026-08-31 18:29:00+00:00,MSFT,510.23,510.98,40,40
2026-08-31 18:29:00+00:00,NVDA,218.96,218.98,200,600
2026-08-31 18:29:00+00:00,TSLA,367.26,367.51,120,40
2026-08-31 18:29:00+00:00,UNH,388.64,405.18,120,40
2026-08-31 18:29:00+00:00,XOM,160.45,160.53,100,100
2026-08-31 18:30:00+00:00,AAPL,315.74,315.77,80,80
2026-08-31 18:30:00+00:00,AMZN,257.87,258.0,100,100
2026-08-31 18:30:00+00:00,GOOGL,337.86,338.98,40,40
2026-08-31 18:30:00+00:00,JPM,354.0,355.93,120,40
2026-08-31 18:30:00+00:00,META,570.99,573.61,80,80
2026-08-31 18:30:00+00:00,MSFT,510.23,510.98,40,40
2026-08-31 18:30:00+00:00,NVDA,218.87,218.93,500,100
2026-08-31 18:30:00+00:00,TSLA,366.75,366.8,40,80
2026-08-31 18:30:00+00:00,UNH,388.89,405.18,40,40
2026-08-31 18:30:00+00:00,XOM,159.94,160.54,100,100
2026-08-31 18:31:00+00:00,AAPL,315.78,315.81,160,80
2026-08-31 18:31:00+00:00,AMZN,257.83,257.88,100,100
2026-08-31 18:31:00+00:00,GOOGL,337.95,338.49,80,80
2026-08-31 18:31:00+00:00,JPM,354.0,355.82,120,40
2026-08-31 18:31:00+00:00,META,570.99,573.61,80,80
2026-08-31 18:31:00+00:00,MSFT,510.23,512.2,40,40
2026-08-31 18:31:00+00:00,NVDA,218.78,218.81,500,100
2026-08-31 18:31:00+00:00,TSLA,366.0,366.76,40,80
2026-08-31 18:31:00+00:00,UNH,388.64,405.18,120,40
2026-08-31 18:31:00+00:00,XOM,160.46,160.49,100,100
2026-08-31 18:32:00+00:00,AAPL,315.77,315.84,40,80
2026-08-31 18:32:00+00:00,AMZN,257.82,257.94,100,100
2026-08-31 18:32:00+00:00,GOOGL,337.86,338.49,40,40
2026-08-31 18:32:00+00:00,JPM,354.0,355.86,120,80
2026-08-31 18:32:00+00:00,META,570.99,573.61,80,80
2026-08-31 18:32:00+00:00,MSFT,510.23,512.2,40,40
2026-08-31 18:32:00+00:00,NVDA,218.68,218.7,700,500
2026-08-31 18:32:00+00:00,TSLA,365.0,368.89,40,40
2026-08-31 18:32:00+00:00,UNH,388.64,391.03,120,80
2026-08-31 18:32:00+00:00,XOM,160.4,160.44,100,100
2026-08-31 18:33:00+00:00,AAPL,315.8,315.84,80,80
2026-08-31 18:33:00+00:00,AMZN,257.6,258.16,200,100
2026-08-31 18:33:00+00:00,GOOGL,337.86,338.02,40,40
2026-08-31 18:33:00+00:00,JPM,354.0,355.83,120,80
2026-08-31 18:33:00+00:00,META,570.03,573.61,80,80
2026-08-31 18:33:00+00:00,MSFT,510.23,512.94,40,40
2026-08-31 18:33:00+00:00,NVDA,218.53,218.54,100,100
2026-08-31 18:33:00+00:00,TSLA,365.0,366.62,40,40
2026-08-31 18:33:00+00:00,UNH,388.64,390.88,120,80
2026-08-31 18:33:00+00:00,XOM,160.07,160.57,100,100
2026-08-31 18:34:00+00:00,AAPL,315.42,315.85,40,80
2026-08-31 18:34:00+00:00,AMZN,257.75,257.81,100,100
2026-08-31 18:34:00+00:00,GOOGL,338.07,338.19,40,40
2026-08-31 18:34:00+00:00,JPM,354.0,357.62,120,320
2026-08-31 18:34:00+00:00,META,570.03,571.71,80,40
2026-08-31 18:34:00+00:00,MSFT,509.94,510.54,40,40
2026-08-31 18:34:00+00:00,NVDA,218.37,218.41,500,500
2026-08-31 18:34:00+00:00,TSLA,365.0,366.62,40,40
2026-08-31 18:34:00+00:00,UNH,388.64,390.78,120,40
2026-08-31 18:34:00+00:00,XOM,160.39,160.43,100,100
2026-08-31 18:35:00+00:00,AAPL,315.74,316.83,80,80
2026-08-31 18:35:00+00:00,AMZN,257.6,257.65,100,100
2026-08-31 18:35:00+00:00,GOOGL,337.95,338.15,40,40
2026-08-31 18:35:00+00:00,JPM,354.0,355.76,120,80
2026-08-31 18:35:00+00:00,META,570.03,573.61,80,80
2026-08-31 18:35:00+00:00,MSFT,509.94,510.27,40,40
2026-08-31 18:35:00+00:00,NVDA,218.29,218.31,700,700
2026-08-31 18:35:00+00:00,TSLA,365.0,366.1,40,80
2026-08-31 18:35:00+00:00,UNH,388.89,390.78,40,40
2026-08-31 18:35:00+00:00,XOM,160.03,160.32,100,100
2026-08-31 18:36:00+00:00,AAPL,315.57,315.6,80,600
2026-08-31 18:36:00+00:00,AMZN,257.6,257.66,100,100
2026-08-31 18:36:00+00:00,GOOGL,337.85,337.97,40,80
2026-08-31 18:36:00+00:00,JPM,354.0,355.76,120,40
2026-08-31 18:36:00+00:00,META,570.03,573.61,80,80
2026-08-31 18:36:00+00:00,MSFT,509.0,510.28,40,40
2026-08-31 18:36:00+00:00,NVDA,218.36,218.38,700,100
2026-08-31 18:36:00+00:00,TSLA,365.84,365.96,80,80
2026-08-31 18:36:00+00:00,UNH,388.64,390.57,120,40
2026-08-31 18:36:00+00:00,XOM,160.06,161.1,100,100
2026-08-31 18:37:00+00:00,AAPL,315.58,315.72,80,520
2026-08-31 18:37:00+00:00,AMZN,257.65,257.74,100,100
2026-08-31 18:37:00+00:00,GOOGL,337.78,338.45,40,80
2026-08-31 18:37:00+00:00,JPM,354.0,355.5,120,120
2026-08-31 18:37:00+00:00,META,570.03,573.61,80,80
2026-08-31 18:37:00+00:00,MSFT,510.13,512.94,40,40
2026-08-31 18:37:00+00:00,NVDA,218.33,218.35,100,600
2026-08-31 18:37:00+00:00,TSLA,365.0,367.2,40,40
2026-08-31 18:37:00+00:00,UNH,388.64,390.3,120,40
2026-08-31 18:37:00+00:00,XOM,160.12,160.44,100,100
2026-08-31 18:38:00+00:00,AAPL,313.49,315.69,80,40
2026-08-31 18:38:00+00:00,AMZN,257.58,257.63,100,100
2026-08-31 18:38:00+00:00,GOOGL,337.56,337.84,40,80
2026-08-31 18:38:00+00:00,JPM,354.0,355.53,120,40
2026-08-31 18:38:00+00:00,META,570.03,571.79,80,40
2026-08-31 18:38:00+00:00,MSFT,509.0,510.01,40,40
2026-08-31 18:38:00+00:00,NVDA,218.06,218.09,700,600
2026-08-31 18:38:00+00:00,TSLA,365.0,365.84,40,40
2026-08-31 18:38:00+00:00,UNH,390.15,390.46,40,40
2026-08-31 18:38:00+00:00,XOM,160.0,160.46,100,100
2026-08-31 18:39:00+00:00,AAPL,315.27,315.31,40,80
2026-08-31 18:39:00+00:00,AMZN,257.69,257.8,100,100
2026-08-31 18:39:00+00:00,GOOGL,337.56,337.95,40,40
2026-08-31 18:39:00+00:00,JPM,354.0,355.53,120,40
2026-08-31 18:39:00+00:00,META,570.03,573.61,80,80
2026-08-31 18:39:00+00:00,MSFT,509.0,510.01,40,40
2026-08-31 18:39:00+00:00,NVDA,218.05,218.07,600,700
2026-08-31 18:39:00+00:00,TSLA,365.0,365.84,40,40
2026-08-31 18:39:00+00:00,UNH,390.15,390.88,80,80
2026-08-31 18:39:00+00:00,XOM,160.01,160.38,100,100
2026-08-31 18:40:00+00:00,AAPL,315.33,315.71,40,40
2026-08-31 18:40:00+00:00,AMZN,257.94,257.99,100,100
2026-08-31 18:40:00+00:00,GOOGL,337.56,337.91,40,80
2026-08-31 18:40:00+00:00,JPM,354.0,355.49,120,120
2026-08-31 18:40:00+00:00,META,570.03,571.87,80,40
2026-08-31 18:40:00+00:00,MSFT,509.0,512.94,40,40
2026-08-31 18:40:00+00:00,NVDA,218.07,218.09,700,700
2026-08-31 18:40:00+00:00,TSLA,365.0,365.86,40,120
2026-08-31 18:40:00+00:00,UNH,388.64,390.88,120,80
2026-08-31 18:40:00+00:00,XOM,160.35,160.43,100,100
2026-08-31 18:41:00+00:00,AAPL,313.51,315.37,40,80
2026-08-31 18:41:00+00:00,AMZN,257.67,257.74,100,100
2026-08-31 18:41:00+00:00,GOOGL,337.56,338.4,40,40
2026-08-31 18:41:00+00:00,JPM,354.0,355.41,120,120
2026-08-31 18:41:00+00:00,META,570.03,571.63,80,40
2026-08-31 18:41:00+00:00,MSFT,509.0,510.45,40,40
2026-08-31 18:41:00+00:00,NVDA,217.81,217.83,700,100
2026-08-31 18:41:00+00:00,TSLA,365.0,365.9,40,80
2026-08-31 18:41:00+00:00,UNH,388.89,390.32,40,160
2026-08-31 18:41:00+00:00,XOM,160.06,160.39,100,100
2026-08-31 18:42:00+00:00,AAPL,315.16,315.19,120,120
2026-08-31 18:42:00+00:00,AMZN,257.8,257.87,100,300
2026-08-31 18:42:00+00:00,GOOGL,337.56,338.39,40,40
2026-08-31 18:42:00+00:00,JPM,355.2,355.39,40,40
2026-08-31 18:42:00+00:00,META,570.03,571.63,80,40
2026-08-31 18:42:00+00:00,MSFT,509.0,510.58,40,40
2026-08-31 18:42:00+00:00,NVDA,218.15,218.17,700,200
2026-08-31 18:42:00+00:00,TSLA,365.0,366.02,40,40
2026-08-31 18:42:00+00:00,UNH,389.81,390.32,40,160
2026-08-31 18:42:00+00:00,XOM,160.06,160.45,100,100
2026-08-31 18:43:00+00:00,AAPL,313.51,315.18,40,40
2026-08-31 18:43:00+00:00,AMZN,257.54,257.59,100,200
2026-08-31 18:43:00+00:00,GOOGL,337.56,338.32,40,80
2026-08-31 18:43:00+00:00,JPM,355.2,355.39,40,80
2026-08-31 18:43:00+00:00,META,570.03,573.61,80,80
2026-08-31 18:43:00+00:00,MSFT,509.72,510.58,40,40
2026-08-31 18:43:00+00:00,NVDA,217.96,217.99,400,500
2026-08-31 18:43:00+00:00,TSLA,365.73,367.2,80,40
2026-08-31 18:43:00+00:00,UNH,388.64,389.84,120,40
2026-08-31 18:43:00+00:00,XOM,160.12,161.04,100,100
2026-08-31 18:44:00+00:00,AAPL,315.21,315.28,40,80
2026-08-31 18:44:00+00:00,AMZN,257.6,257.66,100,100
2026-08-31 18:44:00+00:00,GOOGL,337.86,337.95,40,440
2026-08-31 18:44:00+00:00,JPM,354.0,355.41,120,120
2026-08-31 18:44:00+00:00,META,570.03,571.45,80,40
2026-08-31 18:44:00+00:00,MSFT,509.0,510.58,40,40
2026-08-31 18:44:00+00:00,NVDA,218.14,218.16,200,500
2026-08-31 18:44:00+00:00,TSLA,365.0,367.2,40,40
2026-08-31 18:44:00+00:00,UNH,388.64,390.32,120,160
2026-08-31 18:44:00+00:00,XOM,160.12,160.42,100,100
2026-08-31 18:45:00+00:00,AAPL,313.54,315.28,40,120
2026-08-31 18:45:00+00:00,AMZN,257.65,257.7,100,100
2026-08-31 18:45:00+00:00,GOOGL,337.88,338.99,40,80
2026-08-31 18:45:00+00:00,JPM,355.24,355.33,80,40
2026-08-31 18:45:00+00:00,META,570.03,573.61,80,80
2026-08-31 18:45:00+00:00,MSFT,510.01,510.36,40,40
2026-08-31 18:45:00+00:00,NVDA,218.04,218.06,500,700
2026-08-31 18:45:00+00:00,TSLA,365.0,365.86,40,80
2026-08-31 18:45:00+00:00,UNH,388.64,390.32,120,160
2026-08-31 18:45:00+00:00,XOM,160.37,160.41,100,100
2026-08-31 18:46:00+00:00,AAPL,315.36,315.44,40,40
2026-08-31 18:46:00+00:00,AMZN,257.73,257.79,300,100
2026-08-31 18:46:00+00:00,GOOGL,338.04,338.4,40,40
2026-08-31 18:46:00+00:00,JPM,355.2,355.41,80,120
2026-08-31 18:46:00+00:00,META,570.03,573.61,80,80
2026-08-31 18:46:00+00:00,MSFT,510.02,510.34,40,40
2026-08-31 18:46:00+00:00,NVDA,217.89,217.91,700,500
2026-08-31 18:46:00+00:00,TSLA,365.77,365.85,40,80
2026-08-31 18:46:00+00:00,UNH,388.64,390.32,120,160
2026-08-31 18:46:00+00:00,XOM,158.03,160.48,100,100
2026-08-31 18:47:00+00:00,AAPL,313.65,315.54,40,40
2026-08-31 18:47:00+00:00,AMZN,257.87,257.91,100,100
2026-08-31 18:47:00+00:00,GOOGL,337.86,337.99,40,120
2026-08-31 18:47:00+00:00,JPM,354.0,355.38,120,40
2026-08-31 18:47:00+00:00,META,570.03,573.61,80,80
2026-08-31 18:47:00+00:00,MSFT,508.84,510.24,40,40
2026-08-31 18:47:00+00:00,NVDA,217.76,217.78,400,600
2026-08-31 18:47:00+00:00,TSLA,365.0,365.85,40,40
2026-08-31 18:47:00+00:00,UNH,388.64,390.32,120,160
2026-08-31 18:47:00+00:00,XOM,158.03,161.57,100,100
2026-08-31 18:48:00+00:00,AAPL,315.43,315.46,80,120
2026-08-31 18:48:00+00:00,AMZN,258.29,258.75,200,100
2026-08-31 18:48:00+00:00,GOOGL,337.86,338.4,40,40
2026-08-31 18:48:00+00:00,JPM,355.16,355.26,40,40
2026-08-31 18:48:00+00:00,META,570.85,573.61,120,80
2026-08-31 18:48:00+00:00,MSFT,508.84,510.24,40,40
2026-08-31 18:48:00+00:00,NVDA,217.9,217.91,200,200
2026-08-31 18:48:00+00:00,TSLA,365.0,365.97,40,40
2026-08-31 18:48:00+00:00,UNH,388.64,390.32,80,160
2026-08-31 18:48:00+00:00,XOM,158.07,160.5,100,100
2026-08-31 18:49:00+00:00,AAPL,315.27,315.3,80,80
2026-08-31 18:49:00+00:00,AMZN,258.4,258.45,100,100
2026-08-31 18:49:00+00:00,GOOGL,338.15,338.26,40,40
2026-08-31 18:49:00+00:00,JPM,355.29,355.41,80,120
2026-08-31 18:49:00+00:00,META,570.85,571.15,120,120
2026-08-31 18:49:00+00:00,MSFT,508.84,510.29,40,40
2026-08-31 18:49:00+00:00,NVDA,218.0,218.03,500,500
2026-08-31 18:49:00+00:00,TSLA,365.0,367.2,40,40
2026-08-31 18:49:00+00:00,UNH,388.64,390.32,80,160
2026-08-31 18:49:00+00:00,XOM,158.07,160.47,100,100
2026-08-31 18:50:00+00:00,AAPL,315.38,315.42,40,40
2026-08-31 18:50:00+00:00,AMZN,258.3,258.34,100,100
2026-08-31 18:50:00+00:00,GOOGL,338.03,338.26,40,40
2026-08-31 18:50:00+00:00,JPM,354.0,355.32,120,40
2026-08-31 18:50:00+00:00,META,570.59,571.02,80,40
2026-08-31 18:50:00+00:00,MSFT,508.84,510.47,40,40
2026-08-31 18:50:00+00:00,NVDA,217.91,217.93,500,800
2026-08-31 18:50:00+00:00,TSLA,365.0,365.89,40,40
2026-08-31 18:50:00+00:00,UNH,388.64,405.18,80,40
2026-08-31 18:50:00+00:00,XOM,158.13,160.44,100,100
2026-08-31 18:51:00+00:00,AAPL,313.65,315.49,40,40
2026-08-31 18:51:00+00:00,AMZN,258.47,258.7,100,100
2026-08-31 18:51:00+00:00,GOOGL,338.02,338.4,40,40
2026-08-31 18:51:00+00:00,JPM,355.16,355.25,80,40
2026-08-31 18:51:00+00:00,META,571.01,571.25,120,80
2026-08-31 18:51:00+00:00,MSFT,508.84,510.24,40,40
2026-08-31 18:51:00+00:00,NVDA,217.98,218.0,100,500
2026-08-31 18:51:00+00:00,TSLA,365.0,365.97,40,40
2026-08-31 18:51:00+00:00,UNH,389.33,405.18,40,40
2026-08-31 18:51:00+00:00,XOM,158.04,160.44,100,100
2026-08-31 18:52:00+00:00,AAPL,315.33,315.4,40,80
2026-08-31 18:52:00+00:00,AMZN,258.53,258.57,200,100
2026-08-31 18:52:00+00:00,GOOGL,338.02,338.4,40,40
2026-08-31 18:52:00+00:00,JPM,355.18,355.51,120,40
2026-08-31 18:52:00+00:00,META,571.01,571.43,200,80
2026-08-31 18:52:00+00:00,MSFT,510.19,510.56,40,40
2026-08-31 18:52:00+00:00,NVDA,218.0,218.02,100,700
2026-08-31 18:52:00+00:00,TSLA,365.0,367.2,40,40
2026-08-31 18:52:00+00:00,UNH,388.64,405.18,80,40
2026-08-31 18:52:00+00:00,XOM,160.0,160.06,100,100
2026-08-31 18:53:00+00:00,AAPL,315.33,315.37,40,80
2026-08-31 18:53:00+00:00,AMZN,258.53,258.57,100,200
2026-08-31 18:53:00+00:00,GOOGL,338.14,338.26,40,120
2026-08-31 18:53:00+00:00,JPM,355.29,355.51,40,40
2026-08-31 18:53:00+00:00,META,570.2,571.43,120,80
2026-08-31 18:53:00+00:00,MSFT,510.75,510.98,40,40
2026-08-31 18:53:00+00:00,NVDA,217.8,218.16,200,500
2026-08-31 18:53:00+00:00,TSLA,365.0,367.2,40,40
2026-08-31 18:53:00+00:00,UNH,388.64,389.56,80,120
2026-08-31 18:53:00+00:00,XOM,158.04,160.44,100,100
2026-08-31 18:54:00+00:00,AAPL,313.65,315.41,40,80
2026-08-31 18:54:00+00:00,AMZN,258.28,258.52,100,100
2026-08-31 18:54:00+00:00,GOOGL,338.14,338.31,40,40
2026-08-31 18:54:00+00:00,JPM,355.24,355.33,40,40
2026-08-31 18:54:00+00:00,META,570.2,571.43,160,80
2026-08-31 18:54:00+00:00,MSFT,510.61,510.74,80,40
2026-08-31 18:54:00+00:00,NVDA,218.41,219.04,500,200
2026-08-31 18:54:00+00:00,TSLA,365.0,365.94,40,80
2026-08-31 18:54:00+00:00,UNH,388.64,405.18,80,40
2026-08-31 18:54:00+00:00,XOM,158.07,160.44,100,100
2026-08-31 18:55:00+00:00,AAPL,313.65,315.45,40,120
2026-08-31 18:55:00+00:00,AMZN,258.36,258.39,100,100
2026-08-31 18:55:00+00:00,GOOGL,338.18,338.22,80,40
2026-08-31 18:55:00+00:00,JPM,354.0,357.62,160,320
2026-08-31 18:55:00+00:00,META,570.2,571.43,120,80
2026-08-31 18:55:00+00:00,MSFT,510.44,510.82,40,40
2026-08-31 18:55:00+00:00,NVDA,218.32,218.34,500,600
2026-08-31 18:55:00+00:00,TSLA,365.0,365.92,40,40
2026-08-31 18:55:00+00:00,UNH,388.64,405.18,80,40
2026-08-31 18:55:00+00:00,XOM,158.04,160.44,100,100
2026-08-31 18:56:00+00:00,AAPL,315.26,315.32,520,80
2026-08-31 18:56:00+00:00,AMZN,258.53,258.57,100,100
2026-08-31 18:56:00+00:00,GOOGL,338.33,338.83,80,120
2026-08-31 18:56:00+00:00,JPM,355.23,355.4,40,80
2026-08-31 18:56:00+00:00,META,570.2,573.61,120,80
2026-08-31 18:56:00+00:00,MSFT,510.76,510.98,40,40
2026-08-31 18:56:00+00:00,NVDA,218.56,218.58,500,100
2026-08-31 18:56:00+00:00,TSLA,365.0,367.2,40,40
2026-08-31 18:56:00+00:00,UNH,388.64,405.18,80,40
2026-08-31 18:56:00+00:00,XOM,158.16,159.92,100,100
2026-08-31 18:57:00+00:00,AAPL,315.35,315.37,40,80
2026-08-31 18:57:00+00:00,AMZN,258.52,258.58,100,100
2026-08-31 18:57:00+00:00,GOOGL,338.31,338.78,80,120
2026-08-31 18:57:00+00:00,JPM,354.0,355.32,160,40
2026-08-31 18:57:00+00:00,META,570.2,573.61,120,80
2026-08-31 18:57:00+00:00,MSFT,510.71,510.98,40,40
2026-08-31 18:57:00+00:00,NVDA,218.54,218.55,200,700
2026-08-31 18:57:00+00:00,TSLA,365.0,367.2,40,40
2026-08-31 18:57:00+00:00,UNH,388.64,390.36,120,40
2026-08-31 18:57:00+00:00,XOM,158.03,160.44,100,100
2026-08-31 18:58:00+00:00,AAPL,315.37,315.43,40,40
2026-08-31 18:58:00+00:00,AMZN,258.42,258.45,100,100
2026-08-31 18:58:00+00:00,GOOGL,338.02,338.37,40,40
2026-08-31 18:58:00+00:00,JPM,354.0,355.2,120,40
2026-08-31 18:58:00+00:00,META,570.2,571.7,160,40
2026-08-31 18:58:00+00:00,MSFT,511.15,512.0,40,40
2026-08-31 18:58:00+00:00,NVDA,218.69,218.72,500,400
2026-08-31 18:58:00+00:00,TSLA,366.01,367.2,40,40
2026-08-31 18:58:00+00:00,UNH,388.64,405.18,80,40
2026-08-31 18:58:00+00:00,XOM,159.9,160.44,100,100
2026-08-31 18:59:00+00:00,AAPL,315.37,315.45,40,120
2026-08-31 18:59:00+00:00,AMZN,258.54,258.65,100,200
2026-08-31 18:59:00+00:00,GOOGL,338.02,338.26,40,40
2026-08-31 18:59:00+00:00,JPM,354.0,357.62,120,320
2026-08-31 18:59:00+00:00,META,570.2,571.65,120,40
2026-08-31 18:59:00+00:00,MSFT,508.84,511.07,40,80
2026-08-31 18:59:00+00:00,NVDA,218.57,218.59,100,500
2026-08-31 18:59:00+00:00,TSLA,365.0,367.2,40,40
2026-08-31 18:59:00+00:00,UNH,388.64,405.18,80,40
2026-08-31 18:59:00+00:00,XOM,158.03,160.16,100,100
2026-08-31 19:00:00+00:00,AAPL,315.35,315.45,120,80
2026-08-31 19:00:00+00:00,AMZN,258.69,258.78,100,300
2026-08-31 19:00:00+00:00,GOOGL,338.23,338.28,40,40
2026-08-31 19:00:00+00:00,JPM,354.0,355.33,120,40
2026-08-31 19:00:00+00:00,META,572.6,573.6,80,40
2026-08-31 19:00:00+00:00,MSFT,511.12,511.23,40,40
2026-08-31 19:00:00+00:00,NVDA,218.77,218.82,100,600
2026-08-31 19:00:00+00:00,TSLA,365.0,365.5,40,80
2026-08-31 19:00:00+00:00,UNH,388.64,405.18,80,40
2026-08-31 19:00:00+00:00,XOM,158.03,161.58,100,100
2026-08-31 19:01:00+00:00,AAPL,315.35,315.48,120,80
2026-08-31 19:01:00+00:00,AMZN,258.7,258.73,100,100
2026-08-31 19:01:00+00:00,GOOGL,338.12,338.31,80,40
2026-08-31 19:01:00+00:00,JPM,354.0,355.11,120,160
2026-08-31 19:01:00+00:00,META,572.6,574.62,80,80
2026-08-31 19:01:00+00:00,MSFT,511.09,511.17,40,120
2026-08-31 19:01:00+00:00,NVDA,218.7,218.87,100,100
2026-08-31 19:01:00+00:00,TSLA,365.0,367.2,40,40
2026-08-31 19:01:00+00:00,UNH,388.64,405.18,80,40
2026-08-31 19:01:00+00:00,XOM,159.94,161.58,100,100
2026-08-31 19:02:00+00:00,AAPL,315.46,315.54,120,120
2026-08-31 19:02:00+00:00,AMZN,258.68,258.72,100,200
2026-08-31 19:02:00+00:00,GOOGL,338.12,338.24,80,40
2026-08-31 19:02:00+00:00,JPM,354.0,354.95,120,40
2026-08-31 19:02:00+00:00,META,573.25,574.99,80,80
2026-08-31 19:02:00+00:00,MSFT,511.19,511.26,40,40
2026-08-31 19:02:00+00:00,NVDA,218.85,218.86,100,600
2026-08-31 19:02:00+00:00,TSLA,365.0,367.2,40,40
2026-08-31 19:02:00+00:00,UNH,388.64,405.18,120,40
2026-08-31 19:02:00+00:00,XOM,158.03,160.03,100,100
2026-08-31 19:03:00+00:00,AAPL,315.35,315.56,120,80
2026-08-31 19:03:00+00:00,AMZN,258.57,258.61,100,300
2026-08-31 19:03:00+00:00,GOOGL,338.02,338.17,40,40
2026-08-31 19:03:00+00:00,JPM,354.92,355.04,40,40
2026-08-31 19:03:00+00:00,META,573.28,573.7,40,80
2026-08-31 19:03:00+00:00,MSFT,511.03,511.42,40,40
2026-08-31 19:03:00+00:00,NVDA,218.91,219.0,200,100
2026-08-31 19:03:00+00:00,TSLA,365.0,367.2,40,40
2026-08-31 19:03:00+00:00,UNH,388.64,405.18,80,80
2026-08-31 19:03:00+00:00,XOM,158.06,161.59,100,100
2026-08-31 19:04:00+00:00,AAPL,315.35,315.71,120,40
2026-08-31 19:04:00+00:00,AMZN,258.56,258.6,100,200
2026-08-31 19:04:00+00:00,GOOGL,338.12,338.23,120,80
2026-08-31 19:04:00+00:00,JPM,354.81,354.9,40,80
2026-08-31 19:04:00+00:00,META,573.67,573.8,40,80
2026-08-31 19:04:00+00:00,MSFT,510.88,511.23,40,40
2026-08-31 19:04:00+00:00,NVDA,218.83,218.85,100,500
2026-08-31 19:04:00+00:00,TSLA,365.0,367.2,40,40
2026-08-31 19:04:00+00:00,UNH,372.61,405.18,40,80
2026-08-31 19:04:00+00:00,XOM,159.89,161.59,100,100
2026-08-31 19:05:00+00:00,AAPL,315.56,315.71,80,40
2026-08-31 19:05:00+00:00,AMZN,258.61,258.65,100,200
2026-08-31 19:05:00+00:00,GOOGL,338.12,338.38,120,40
2026-08-31 19:05:00+00:00,JPM,354.0,354.88,120,40
2026-08-31 19:05:00+00:00,META,573.32,574.99,80,80
2026-08-31 19:05:00+00:00,MSFT,508.84,510.89,40,40
2026-08-31 19:05:00+00:00,NVDA,218.75,218.76,100,600
2026-08-31 19:05:00+00:00,TSLA,365.0,365.66,40,200
2026-08-31 19:05:00+00:00,UNH,372.61,405.18,40,80
2026-08-31 19:05:00+00:00,XOM,158.06,160.19,100,100
2026-08-31 19:06:00+00:00,AAPL,315.54,315.71,40,40
2026-08-31 19:06:00+00:00,AMZN,258.6,258.65,100,100
2026-08-31 19:06:00+00:00,GOOGL,338.48,338.54,200,40
2026-08-31 19:06:00+00:00,JPM,354.0,355.01,120,160
2026-08-31 19:06:00+00:00,META,572.6,575.06,80,80
2026-08-31 19:06:00+00:00,MSFT,510.35,510.47,80,40
2026-08-31 19:06:00+00:00,NVDA,218.6,218.63,900,700
2026-08-31 19:06:00+00:00,TSLA,365.0,365.93,40,40
2026-08-31 19:06:00+00:00,UNH,388.39,405.18,40,40
2026-08-31 19:06:00+00:00,XOM,158.1,160.16,100,100
2026-08-31 19:07:00+00:00,AAPL,315.55,315.58,120,80
2026-08-31 19:07:00+00:00,AMZN,258.7,258.75,100,400
2026-08-31 19:07:00+00:00,GOOGL,338.59,338.63,40,40
2026-08-31 19:07:00+00:00,JPM,354.0,354.85,120,40
2026-08-31 19:07:00+00:00,META,574.88,575.62,40,80
2026-08-31 19:07:00+00:00,MSFT,510.45,511.23,40,40
2026-08-31 19:07:00+00:00,NVDA,218.65,218.66,600,600
2026-08-31 19:07:00+00:00,TSLA,365.0,367.2,40,40
2026-08-31 19:07:00+00:00,UNH,388.39,405.18,40,40
2026-08-31 19:07:00+00:00,XOM,158.03,159.93,100,100
2026-08-31 19:08:00+00:00,AAPL,315.42,315.66,40,80
2026-08-31 19:08:00+00:00,AMZN,258.56,258.62,300,100
2026-08-31 19:08:00+00:00,GOOGL,338.69,338.99,80,40
2026-08-31 19:08:00+00:00,JPM,354.0,354.89,120,40
2026-08-31 19:08:00+00:00,META,571.0,575.51,80,80
2026-08-31 19:08:00+00:00,MSFT,510.34,510.49,40,40
2026-08-31 19:08:00+00:00,NVDA,218.78,218.8,600,600
2026-08-31 19:08:00+00:00,TSLA,365.75,367.2,1000,40
2026-08-31 19:08:00+00:00,UNH,388.39,405.18,40,80
2026-08-31 19:08:00+00:00,XOM,159.89,159.93,100,100
2026-08-31 19:09:00+00:00,AAPL,315.06,315.69,40,80
2026-08-31 19:09:00+00:00,AMZN,258.64,258.67,100,400
2026-08-31 19:09:00+00:00,GOOGL,338.74,338.87,120,40
2026-08-31 19:09:00+00:00,JPM,354.0,354.89,120,80
2026-08-31 19:09:00+00:00,META,574.81,577.58,40,80
2026-08-31 19:09:00+00:00,MSFT,510.48,510.72,40,40
2026-08-31 19:09:00+00:00,NVDA,218.79,218.81,500,500
2026-08-31 19:09:00+00:00,TSLA,365.75,367.2,1000,40
2026-08-31 19:09:00+00:00,UNH,388.39,388.64,40,40
2026-08-31 19:09:00+00:00,XOM,158.03,160.16,100,100
2026-08-31 19:10:00+00:00,AAPL,315.73,315.76,120,120
2026-08-31 19:10:00+00:00,AMZN,258.71,258.78,100,100
2026-08-31 19:10:00+00:00,GOOGL,338.44,338.99,40,40
2026-08-31 19:10:00+00:00,JPM,354.0,354.92,120,40
2026-08-31 19:10:00+00:00,META,575.38,577.58,80,80
2026-08-31 19:10:00+00:00,MSFT,510.64,510.97,80,40
2026-08-31 19:10:00+00:00,NVDA,218.79,218.81,500,200
2026-08-31 19:10:00+00:00,TSLA,365.95,366.06,40,40
2026-08-31 19:10:00+00:00,UNH,388.71,388.99,40,40
2026-08-31 19:10:00+00:00,XOM,158.04,159.86,100,100
2026-08-31 19:11:00+00:00,AAPL,315.12,316.95,40,40
2026-08-31 19:11:00+00:00,AMZN,258.73,258.77,100,200
2026-08-31 19:11:00+00:00,GOOGL,338.44,338.9,40,40
2026-08-31 19:11:00+00:00,JPM,354.93,354.99,40,40
2026-08-31 19:11:00+00:00,META,574.25,575.76,80,80
2026-08-31 19:11:00+00:00,MSFT,510.77,512.0,40,40
2026-08-31 19:11:00+00:00,NVDA,218.84,218.85,700,200
2026-08-31 19:11:00+00:00,TSLA,365.75,367.2,1000,40
2026-08-31 19:11:00+00:00,UNH,388.71,388.88,40,40
2026-08-31 19:11:00+00:00,XOM,159.89,159.93,100,100
2026-08-31 19:12:00+00:00,AAPL,315.98,316.93,80,40
2026-08-31 19:12:00+00:00,AMZN,258.66,258.8,200,200
2026-08-31 19:12:00+00:00,GOOGL,338.44,338.9,40,40
2026-08-31 19:12:00+00:00,JPM,354.0,355.01,120,40
2026-08-31 19:12:00+00:00,META,573.3,574.48,80,40
2026-08-31 19:12:00+00:00,MSFT,510.77,512.0,40,40
2026-08-31 19:12:00+00:00,NVDA,218.85,218.87,100,700
2026-08-31 19:12:00+00:00,TSLA,365.75,365.9,1000,80
2026-08-31 19:12:00+00:00,UNH,372.61,405.18,40,40
2026-08-31 19:12:00+00:00,XOM,159.91,160.16,100,100
2026-08-31 19:13:00+00:00,AAPL,315.94,316.08,40,80
2026-08-31 19:13:00+00:00,AMZN,258.7,258.73,100,100
2026-08-31 19:13:00+00:00,GOOGL,338.44,338.7,40,40
2026-08-31 19:13:00+00:00,JPM,354.0,354.98,120,40
2026-08-31 19:13:00+00:00,META,573.3,575.15,80,80
2026-08-31 19:13:00+00:00,MSFT,510.93,511.07,80,40
2026-08-31 19:13:00+00:00,NVDA,218.95,218.96,100,300
2026-08-31 19:13:00+00:00,TSLA,365.0,367.2,40,40
2026-08-31 19:13:00+00:00,UNH,372.61,388.5,40,40
2026-08-31 19:13:00+00:00,XOM,159.86,159.92,100,100
2026-08-31 19:14:00+00:00,AAPL,315.11,316.08,40,40
2026-08-31 19:14:00+00:00,AMZN,258.72,258.79,100,100
2026-08-31 19:14:00+00:00,GOOGL,338.78,338.82,160,40
2026-08-31 19:14:00+00:00,JPM,354.0,355.37,120,120
2026-08-31 19:14:00+00:00,META,574.07,574.73,40,80
2026-08-31 19:14:00+00:00,MSFT,510.93,511.12,80,40
2026-08-31 19:14:00+00:00,NVDA,218.93,218.96,700,600
2026-08-31 19:14:00+00:00,TSLA,365.0,366.14,40,40
2026-08-31 19:14:00+00:00,UNH,372.61,405.18,40,80
2026-08-31 19:14:00+00:00,XOM,159.92,160.2,200,100
2026-08-31 19:15:00+00:00,AAPL,315.95,316.03,40,40
2026-08-31 19:15:00+00:00,AMZN,258.84,258.88,100,100
2026-08-31 19:15:00+00:00,GOOGL,338.64,338.73,40,40
2026-08-31 19:15:00+00:00,JPM,354.0,357.62,120,320
2026-08-31 19:15:00+00:00,META,573.97,574.68,80,80
2026-08-31 19:15:00+00:00,MSFT,510.92,511.0,40,40
2026-08-31 19:15:00+00:00,NVDA,218.78,218.8,100,1000
2026-08-31 19:15:00+00:00,TSLA,365.0,365.44,40,40
2026-08-31 19:15:00+00:00,UNH,372.61,388.35,40,40
2026-08-31 19:15:00+00:00,XOM,159.97,160.2,100,100
2026-08-31 19:16:00+00:00,AAPL,315.99,316.03,40,120
2026-08-31 19:16:00+00:00,AMZN,259.07,259.1,100,100
2026-08-31 19:16:00+00:00,GOOGL,338.44,338.63,40,40
2026-08-31 19:16:00+00:00,JPM,354.0,355.44,120,40
2026-08-31 19:16:00+00:00,META,573.97,574.52,80,40
2026-08-31 19:16:00+00:00,MSFT,510.55,511.11,80,40
2026-08-31 19:16:00+00:00,NVDA,218.87,218.88,400,200
2026-08-31 19:16:00+00:00,TSLA,365.54,367.2,40,40
2026-08-31 19:16:00+00:00,UNH,372.61,405.18,40,40
2026-08-31 19:16:00+00:00,XOM,158.09,167.84,100,100
2026-08-31 19:17:00+00:00,AAPL,315.05,315.94,40,80
2026-08-31 19:17:00+00:00,AMZN,259.08,259.14,100,200
2026-08-31 19:17:00+00:00,GOOGL,338.44,338.67,40,40
2026-08-31 19:17:00+00:00,JPM,354.0,355.35,120,40
2026-08-31 19:17:00+00:00,META,573.33,573.75,80,80
2026-08-31 19:17:00+00:00,MSFT,510.55,511.32,80,40
2026-08-31 19:17:00+00:00,NVDA,218.9,218.92,500,500
2026-08-31 19:17:00+00:00,TSLA,365.0,367.2,40,40
2026-08-31 19:17:00+00:00,UNH,372.61,405.18,40,40
2026-08-31 19:17:00+00:00,XOM,158.08,161.59,100,100
2026-08-31 19:18:00+00:00,AAPL,315.9,315.93,40,80
2026-08-31 19:18:00+00:00,AMZN,259.12,259.19,400,100
2026-08-31 19:18:00+00:00,GOOGL,338.44,338.59,40,40
2026-08-31 19:18:00+00:00,JPM,355.28,357.62,40,320
2026-08-31 19:18:00+00:00,META,572.55,573.93,40,80
2026-08-31 19:18:00+00:00,MSFT,508.84,512.0,40,40
2026-08-31 19:18:00+00:00,NVDA,218.87,218.89,700,200
2026-08-31 19:18:00+00:00,TSLA,365.0,367.2,40,40
2026-08-31 19:18:00+00:00,UNH,372.61,405.18,40,40
2026-08-31 19:18:00+00:00,XOM,158.08,161.59,100,100
2026-08-31 19:19:00+00:00,AAPL,315.91,316.04,40,40
2026-08-31 19:19:00+00:00,AMZN,259.1,259.19,100,100
2026-08-31 19:19:00+00:00,GOOGL,338.37,338.5,120,40
2026-08-31 19:19:00+00:00,JPM,354.0,357.62,120,320
2026-08-31 19:19:00+00:00,META,572.55,573.93,40,80
2026-08-31 19:19:00+00:00,MSFT,508.84,512.0,40,40
2026-08-31 19:19:00+00:00,NVDA,218.85,218.86,200,100
2026-08-31 19:19:00+00:00,TSLA,365.0,365.74,40,40
2026-08-31 19:19:00+00:00,UNH,372.61,405.18,40,40
2026-08-31 19:19:00+00:00,XOM,160.06,161.59,100,100
2026-08-31 19:20:00+00:00,AAPL,315.8,316.02,120,40
2026-08-31 19:20:00+00:00,AMZN,259.0,259.05,100,100
2026-08-31 19:20:00+00:00,GOOGL,338.25,338.36,40,40
2026-08-31 19:20:00+00:00,JPM,354.0,355.2,120,40
2026-08-31 19:20:00+00:00,META,571.0,577.58,80,80
2026-08-31 19:20:00+00:00,MSFT,510.16,510.35,40,40
2026-08-31 19:20:00+00:00,NVDA,218.92,218.94,500,100
2026-08-31 19:20:00+00:00,TSLA,365.41,365.97,40,40
2026-08-31 19:20:00+00:00,UNH,372.61,405.18,40,40
2026-08-31 19:20:00+00:00,XOM,160.22,160.26,100,100
2026-08-31 19:21:00+00:00,AAPL,315.17,316.09,40,40
2026-08-31 19:21:00+00:00,AMZN,259.02,259.04,100,200
2026-08-31 19:21:00+00:00,GOOGL,338.25,338.37,40,40
2026-08-31 19:21:00+00:00,JPM,354.0,355.35,120,40
2026-08-31 19:21:00+00:00,META,571.0,577.58,280,80
2026-08-31 19:21:00+00:00,MSFT,508.84,509.95,40,40
2026-08-31 19:21:00+00:00,NVDA,219.03,219.05,700,600
2026-08-31 19:21:00+00:00,TSLA,365.74,365.99,80,200
2026-08-31 19:21:00+00:00,UNH,372.61,405.18,40,40
2026-08-31 19:21:00+00:00,XOM,160.28,160.32,100,100
2026-08-31 19:22:00+00:00,AAPL,315.82,316.98,80,80
2026-08-31 19:22:00+00:00,AMZN,258.9,258.94,100,100
2026-08-31 19:22:00+00:00,GOOGL,338.39,338.49,120,40
2026-08-31 19:22:00+00:00,JPM,354.0,355.54,120,40
2026-08-31 19:22:00+00:00,META,571.0,577.58,280,80
2026-08-31 19:22:00+00:00,MSFT,510.02,510.17,80,40
2026-08-31 19:22:00+00:00,NVDA,219.19,219.21,500,600
2026-08-31 19:22:00+00:00,TSLA,365.41,367.2,40,40
2026-08-31 19:22:00+00:00,UNH,387.93,388.23,40,40
2026-08-31 19:22:00+00:00,XOM,158.03,160.38,100,100
2026-08-31 19:23:00+00:00,AAPL,315.87,315.91,80,80
2026-08-31 19:23:00+00:00,AMZN,258.8,258.98,200,100
2026-08-31 19:23:00+00:00,GOOGL,338.39,338.5,120,40
2026-08-31 19:23:00+00:00,JPM,354.0,355.65,120,40
2026-08-31 19:23:00+00:00,META,571.0,572.54,280,160
2026-08-31 19:23:00+00:00,MSFT,508.84,510.35,40,40
2026-08-31 19:23:00+00:00,NVDA,219.41,219.43,100,600
2026-08-31 19:23:00+00:00,TSLA,365.41,367.2,40,40
2026-08-31 19:23:00+00:00,UNH,372.61,388.12,40,40
2026-08-31 19:23:00+00:00,XOM,160.36,161.45,100,100
2026-08-31 19:24:00+00:00,AAPL,315.26,315.83,40,80
2026-08-31 19:24:00+00:00,AMZN,258.8,259.01,200,100
2026-08-31 19:24:00+00:00,GOOGL,338.39,338.56,120,40
2026-08-31 19:24:00+00:00,JPM,354.0,355.74,160,40
2026-08-31 19:24:00+00:00,META,571.0,572.42,280,160
2026-08-31 19:24:00+00:00,MSFT,509.97,510.35,40,40
2026-08-31 19:24:00+00:00,NVDA,219.46,219.48,700,500
2026-08-31 19:24:00+00:00,TSLA,366.46,367.2,40,40
2026-08-31 19:24:00+00:00,UNH,372.61,405.18,40,40
2026-08-31 19:24:00+00:00,XOM,160.31,161.57,100,100
2026-08-31 19:25:00+00:00,AAPL,315.83,315.9,80,80
2026-08-31 19:25:00+00:00,AMZN,258.92,258.96,100,100
2026-08-31 19:25:00+00:00,GOOGL,338.43,338.54,40,40
2026-08-31 19:25:00+00:00,JPM,355.44,357.62,40,320
2026-08-31 19:25:00+00:00,META,572.34,577.58,40,80
2026-08-31 19:25:00+00:00,MSFT,509.77,511.1,40,80
2026-08-31 19:25:00+00:00,NVDA,219.23,219.25,500,100
2026-08-31 19:25:00+00:00,TSLA,366.2,367.2,40,40
2026-08-31 19:25:00+00:00,UNH,388.44,405.18,80,40
2026-08-31 19:25:00+00:00,XOM,158.03,160.29,100,100
2026-08-31 19:26:00+00:00,AAPL,315.86,315.9,80,40
2026-08-31 19:26:00+00:00,AMZN,258.89,258.98,100,400
2026-08-31 19:26:00+00:00,GOOGL,338.43,338.54,40,40
2026-08-31 19:26:00+00:00,JPM,355.56,355.71,40,40
2026-08-31 19:26:00+00:00,META,571.0,577.58,280,80
2026-08-31 19:26:00+00:00,MSFT,509.98,510.19,40,80
2026-08-31 19:26:00+00:00,NVDA,219.4,219.42,600,600
2026-08-31 19:26:00+00:00,TSLA,366.2,367.2,40,40
2026-08-31 19:26:00+00:00,UNH,389.19,405.18,80,40
2026-08-31 19:26:00+00:00,XOM,158.03,160.24,100,100
2026-08-31 19:27:00+00:00,AAPL,316.0,316.98,80,40
2026-08-31 19:27:00+00:00,AMZN,258.98,259.01,100,200
2026-08-31 19:27:00+00:00,GOOGL,338.46,338.85,40,80
2026-08-31 19:27:00+00:00,JPM,355.62,357.62,80,320
2026-08-31 19:27:00+00:00,META,571.0,577.58,280,80
2026-08-31 19:27:00+00:00,MSFT,510.19,510.28,40,40
2026-08-31 19:27:00+00:00,NVDA,219.6,219.61,200,100
2026-08-31 19:27:00+00:00,TSLA,366.2,366.83,40,40
2026-08-31 19:27:00+00:00,UNH,372.61,389.69,40,40
2026-08-31 19:27:00+00:00,XOM,160.18,161.49,100,100
2026-08-31 19:28:00+00:00,AAPL,315.35,316.04,40,80
2026-08-31 19:28:00+00:00,AMZN,258.88,258.91,100,200
2026-08-31 19:28:00+00:00,GOOGL,338.52,338.99,40,40
2026-08-31 19:28:00+00:00,JPM,354.0,355.67,120,80
2026-08-31 19:28:00+00:00,META,571.0,577.58,280,80
2026-08-31 19:28:00+00:00,MSFT,510.24,512.0,80,40
2026-08-31 19:28:00+00:00,NVDA,219.7,219.72,600,500
2026-08-31 19:28:00+00:00,TSLA,366.2,367.2,40,40
2026-08-31 19:28:00+00:00,UNH,389.07,389.34,40,80
2026-08-31 19:28:00+00:00,XOM,158.03,160.19,100,100
2026-08-31 19:29:00+00:00,AAPL,316.01,316.16,120,40
2026-08-31 19:29:00+00:00,AMZN,258.63,258.99,100,100
2026-08-31 19:29:00+00:00,GOOGL,338.52,338.62,40,40
2026-08-31 19:29:00+00:00,JPM,354.0,357.62,120,320
2026-08-31 19:29:00+00:00,META,571.0,572.89,280,80
2026-08-31 19:29:00+00:00,MSFT,510.57,512.0,40,40
2026-08-31 19:29:00+00:00,NVDA,219.8,219.82,100,200
2026-08-31 19:29:00+00:00,TSLA,366.2,367.2,40,40
2026-08-31 19:29:00+00:00,UNH,372.61,389.69,40,40
2026-08-31 19:29:00+00:00,XOM,158.04,160.18,100,100
2026-08-31 19:30:00+00:00,AAPL,315.85,315.88,80,80
2026-08-31 19:30:00+00:00,AMZN,258.95,259.06,100,100
2026-08-31 19:30:00+00:00,GOOGL,338.36,338.4,40,40
2026-08-31 19:30:00+00:00,JPM,355.35,357.62,40,320
2026-08-31 19:30:00+00:00,META,571.0,572.63,280,40
2026-08-31 19:30:00+00:00,MSFT,508.84,512.0,40,40
2026-08-31 19:30:00+00:00,NVDA,219.78,219.8,100,500
2026-08-31 19:30:00+00:00,TSLA,366.2,367.2,40,40
2026-08-31 19:30:00+00:00,UNH,372.61,389.69,40,40
2026-08-31 19:30:00+00:00,XOM,158.13,160.43,100,100
2026-08-31 19:31:00+00:00,AAPL,315.77,316.94,80,40
2026-08-31 19:31:00+00:00,AMZN,258.95,258.98,100,100
2026-08-31 19:31:00+00:00,GOOGL,338.3,338.56,40,40
2026-08-31 19:31:00+00:00,JPM,354.0,355.61,160,40
2026-08-31 19:31:00+00:00,META,571.82,577.58,40,80
2026-08-31 19:31:00+00:00,MSFT,508.84,509.53,40,40
2026-08-31 19:31:00+00:00,NVDA,219.71,219.84,100,100
2026-08-31 19:31:00+00:00,TSLA,366.75,367.2,40,40
2026-08-31 19:31:00+00:00,UNH,390.05,405.18,40,40
2026-08-31 19:31:00+00:00,XOM,158.13,160.36,100,100
2026-08-31 19:32:00+00:00,AAPL,315.86,316.89,80,40
2026-08-31 19:32:00+00:00,AMZN,259.08,259.12,400,400
2026-08-31 19:32:00+00:00,GOOGL,338.55,338.56,40,40
2026-08-31 19:32:00+00:00,JPM,354.0,355.47,120,40
2026-08-31 19:32:00+00:00,META,571.82,572.43,40,80
2026-08-31 19:32:00+00:00,MSFT,508.84,509.65,40,40
2026-08-31 19:32:00+00:00,NVDA,219.72,219.74,100,500
2026-08-31 19:32:00+00:00,TSLA,366.2,367.2,40,40
2026-08-31 19:32:00+00:00,UNH,372.61,405.18,40,40
2026-08-31 19:32:00+00:00,XOM,160.29,161.58,100,100
2026-08-31 19:33:00+00:00,AAPL,315.78,315.81,80,120
2026-08-31 19:33:00+00:00,AMZN,259.1,259.13,100,100
2026-08-31 19:33:00+00:00,GOOGL,338.58,338.99,40,40
2026-08-31 19:33:00+00:00,JPM,355.39,357.62,40,320
2026-08-31 19:33:00+00:00,META,571.82,577.58,40,80
2026-08-31 19:33:00+00:00,MSFT,509.5,509.74,40,40
2026-08-31 19:33:00+00:00,NVDA,219.76,219.78,400,100
2026-08-31 19:33:00+00:00,TSLA,366.2,367.2,40,40
2026-08-31 19:33:00+00:00,UNH,390.25,405.18,40,40
2026-08-31 19:33:00+00:00,XOM,160.29,161.58,100,100
2026-08-31 19:34:00+00:00,AAPL,315.42,315.84,40,40
2026-08-31 19:34:00+00:00,AMZN,259.29,259.32,400,100
2026-08-31 19:34:00+00:00,GOOGL,338.69,338.99,40,40
2026-08-31 19:34:00+00:00,JPM,355.49,355.65,40,80
2026-08-31 19:34:00+00:00,META,571.82,572.52,40,80
2026-08-31 19:34:00+00:00,MSFT,509.69,509.83,40,40
2026-08-31 19:34:00+00:00,NVDA,219.78,219.79,300,600
2026-08-31 19:34:00+00:00,TSLA,365.3,368.2,120,80
2026-08-31 19:34:00+00:00,UNH,390.18,405.18,40,40
2026-08-31 19:34:00+00:00,XOM,160.34,160.38,100,100
2026-08-31 19:35:00+00:00,AAPL,315.41,316.96,40,40
2026-08-31 19:35:00+00:00,AMZN,259.33,259.36,300,100
2026-08-31 19:35:00+00:00,GOOGL,338.56,338.99,40,40
2026-08-31 19:35:00+00:00,JPM,355.6,356.0,40,40
2026-08-31 19:35:00+00:00,META,571.83,572.51,80,80
2026-08-31 19:35:00+00:00,MSFT,509.31,509.66,40,40
2026-08-31 19:35:00+00:00,NVDA,219.62,219.64,500,300
2026-08-31 19:35:00+00:00,TSLA,365.3,368.2,80,80
2026-08-31 19:35:00+00:00,UNH,387.0,405.18,40,40
2026-08-31 19:35:00+00:00,XOM,160.38,161.54,100,100
2026-08-31 19:36:00+00:00,AAPL,315.91,316.02,40,40
2026-08-31 19:36:00+00:00,AMZN,259.09,259.19,100,200
2026-08-31 19:36:00+00:00,GOOGL,338.56,338.74,40,40
2026-08-31 19:36:00+00:00,JPM,354.0,356.11,160,80
2026-08-31 19:36:00+00:00,META,571.83,572.4,80,80
2026-08-31 19:36:00+00:00,MSFT,509.31,512.0,40,40
2026-08-31 19:36:00+00:00,NVDA,219.63,219.64,200,700
2026-08-31 19:36:00+00:00,TSLA,367.21,367.58,40,40
2026-08-31 19:36:00+00:00,UNH,372.61,405.18,40,40
2026-08-31 19:36:00+00:00,XOM,160.51,161.52,100,100
2026-08-31 19:37:00+00:00,AAPL,315.96,315.99,80,80
2026-08-31 19:37:00+00:00,AMZN,259.18,259.24,100,100
2026-08-31 19:37:00+00:00,GOOGL,338.56,338.99,40,40
2026-08-31 19:37:00+00:00,JPM,354.0,356.29,120,40
2026-08-31 19:37:00+00:00,META,572.48,572.62,40,40
2026-08-31 19:37:00+00:00,MSFT,509.46,509.85,40,40
2026-08-31 19:37:00+00:00,NVDA,219.68,219.7,500,500
2026-08-31 19:37:00+00:00,TSLA,367.21,368.2,40,80
2026-08-31 19:37:00+00:00,UNH,372.61,390.59,40,80
2026-08-31 19:37:00+00:00,XOM,158.03,161.52,100,100
2026-08-31 19:38:00+00:00,AAPL,315.99,316.87,120,40
2026-08-31 19:38:00+00:00,AMZN,259.28,259.32,200,100
2026-08-31 19:38:00+00:00,GOOGL,338.56,338.99,40,40
2026-08-31 19:38:00+00:00,JPM,354.0,356.39,160,40
2026-08-31 19:38:00+00:00,META,571.83,572.69,80,80
2026-08-31 19:38:00+00:00,MSFT,509.46,509.76,40,80
2026-08-31 19:38:00+00:00,NVDA,219.71,219.73,800,700
2026-08-31 19:38:00+00:00,TSLA,365.3,366.76,80,40
2026-08-31 19:38:00+00:00,UNH,372.61,405.18,40,40
2026-08-31 19:38:00+00:00,XOM,158.03,161.52,100,100
2026-08-31 19:39:00+00:00,AAPL,315.41,316.96,40,80
2026-08-31 19:39:00+00:00,AMZN,259.31,259.35,100,100
2026-08-31 19:39:00+00:00,GOOGL,338.56,338.73,40,40
2026-08-31 19:39:00+00:00,JPM,356.25,356.36,40,120
2026-08-31 19:39:00+00:00,META,571.83,572.75,80,80
2026-08-31 19:39:00+00:00,MSFT,509.46,509.95,40,40
2026-08-31 19:39:00+00:00,NVDA,219.77,219.79,100,800
2026-08-31 19:39:00+00:00,TSLA,365.3,368.2,80,80
2026-08-31 19:39:00+00:00,UNH,372.61,390.47,40,40
2026-08-31 19:39:00+00:00,XOM,160.61,161.57,100,100
2026-08-31 19:40:00+00:00,AAPL,316.1,316.88,80,40
2026-08-31 19:40:00+00:00,AMZN,259.24,259.27,100,100
2026-08-31 19:40:00+00:00,GOOGL,338.65,338.78,80,40
2026-08-31 19:40:00+00:00,JPM,356.42,356.49,40,80
2026-08-31 19:40:00+00:00,META,571.83,572.75,80,160
2026-08-31 19:40:00+00:00,MSFT,508.84,509.07,40,80
2026-08-31 19:40:00+00:00,NVDA,219.75,219.77,300,600
2026-08-31 19:40:00+00:00,TSLA,365.3,368.2,80,80
2026-08-31 19:40:00+00:00,UNH,372.61,405.18,40,40
2026-08-31 19:40:00+00:00,XOM,158.05,161.56,100,100
2026-08-31 19:41:00+00:00,AAPL,316.2,316.23,80,80
2026-08-31 19:41:00+00:00,AMZN,259.33,259.35,300,300
2026-08-31 19:41:00+00:00,GOOGL,338.65,338.93,120,40
2026-08-31 19:41:00+00:00,JPM,356.33,357.62,40,320
2026-08-31 19:41:00+00:00,META,572.73,572.89,40,80
2026-08-31 19:41:00+00:00,MSFT,509.0,509.49,1000,40
2026-08-31 19:41:00+00:00,NVDA,219.79,219.8,200,200
2026-08-31 19:41:00+00:00,TSLA,365.3,368.2,80,80
2026-08-31 19:41:00+00:00,UNH,390.42,405.18,40,40
2026-08-31 19:41:00+00:00,XOM,160.68,161.51,100,100
2026-08-31 19:42:00+00:00,AAPL,316.21,316.8,40,40
2026-08-31 19:42:00+00:00,AMZN,259.33,259.37,100,200
2026-08-31 19:42:00+00:00,GOOGL,338.89,339.07,40,40
2026-08-31 19:42:00+00:00,JPM,356.28,356.39,40,40
2026-08-31 19:42:00+00:00,META,571.0,577.58,280,80
2026-08-31 19:42:00+00:00,MSFT,509.0,509.67,1000,40
2026-08-31 19:42:00+00:00,NVDA,219.91,219.93,100,200
2026-08-31 19:42:00+00:00,TSLA,366.8,367.07,80,40
2026-08-31 19:42:00+00:00,UNH,372.61,390.53,40,40
2026-08-31 19:42:00+00:00,XOM,158.04,161.57,100,100
2026-08-31 19:43:00+00:00,AAPL,315.4,316.44,40,120
2026-08-31 19:43:00+00:00,AMZN,259.4,259.45,100,300
2026-08-31 19:43:00+00:00,GOOGL,338.97,339.42,40,40
2026-08-31 19:43:00+00:00,JPM,354.0,356.3,120,40
2026-08-31 19:43:00+00:00,META,573.01,573.34,40,40
2026-08-31 19:43:00+00:00,MSFT,509.58,509.95,40,40
2026-08-31 19:43:00+00:00,NVDA,219.94,219.96,500,300
2026-08-31 19:43:00+00:00,TSLA,367.46,368.2,40,80
2026-08-31 19:43:00+00:00,UNH,372.61,390.53,40,40
2026-08-31 19:43:00+00:00,XOM,160.56,161.57,100,100
2026-08-31 19:44:00+00:00,AAPL,316.43,316.47,80,80
2026-08-31 19:44:00+00:00,AMZN,259.23,259.28,100,100
2026-08-31 19:44:00+00:00,GOOGL,338.56,339.02,40,80
2026-08-31 19:44:00+00:00,JPM,354.0,356.39,120,80
2026-08-31 19:44:00+00:00,META,571.0,577.58,80,80
2026-08-31 19:44:00+00:00,MSFT,509.79,509.91,40,80
2026-08-31 19:44:00+00:00,NVDA,219.95,219.97,600,200
2026-08-31 19:44:00+00:00,TSLA,366.76,368.0,80,80
2026-08-31 19:44:00+00:00,UNH,372.61,405.18,40,40
2026-08-31 19:44:00+00:00,XOM,158.03,160.79,100,100
2026-08-31 19:45:00+00:00,AAPL,316.24,316.27,80,80
2026-08-31 19:45:00+00:00,AMZN,259.33,259.37,100,200
2026-08-31 19:45:00+00:00,GOOGL,339.03,339.29,80,120
2026-08-31 19:45:00+00:00,JPM,354.0,356.26,120,40
2026-08-31 19:45:00+00:00,META,573.14,577.58,40,80
2026-08-31 19:45:00+00:00,MSFT,509.0,512.0,1000,40
2026-08-31 19:45:00+00:00,NVDA,219.94,219.96,600,100
2026-08-31 19:45:00+00:00,TSLA,366.66,368.0,40,280
2026-08-31 19:45:00+00:00,UNH,390.54,405.18,40,40
2026-08-31 19:45:00+00:00,XOM,158.03,160.79,100,100
2026-08-31 19:46:00+00:00,AAPL,315.83,316.53,40,40
2026-08-31 19:46:00+00:00,AMZN,259.33,259.36,300,100
2026-08-31 19:46:00+00:00,GOOGL,338.78,339.12,40,120
2026-08-31 19:46:00+00:00,JPM,354.0,356.25,120,80
2026-08-31 19:46:00+00:00,META,571.0,577.58,80,80
2026-08-31 19:46:00+00:00,MSFT,509.0,512.0,1000,40
2026-08-31 19:46:00+00:00,NVDA,219.95,219.97,800,500
2026-08-31 19:46:00+00:00,TSLA,365.3,367.0,80,80
2026-08-31 19:46:00+00:00,UNH,372.61,390.96,40,80
2026-08-31 19:46:00+00:00,XOM,158.04,161.57,100,100
2026-08-31 19:47:00+00:00,AAPL,316.25,316.49,120,40
2026-08-31 19:47:00+00:00,AMZN,259.41,259.46,100,200
2026-08-31 19:47:00+00:00,GOOGL,338.94,338.95,120,40
2026-08-31 19:47:00+00:00,JPM,354.0,356.08,120,40
2026-08-31 19:47:00+00:00,META,571.0,577.58,80,80
2026-08-31 19:47:00+00:00,MSFT,509.0,509.93,1040,40
2026-08-31 19:47:00+00:00,NVDA,219.78,219.8,700,700
2026-08-31 19:47:00+00:00,TSLA,365.3,367.0,80,80
2026-08-31 19:47:00+00:00,UNH,390.62,390.96,40,80
2026-08-31 19:47:00+00:00,XOM,158.03,161.57,100,100
2026-08-31 19:48:00+00:00,AAPL,316.42,316.44,80,40
2026-08-31 19:48:00+00:00,AMZN,259.11,259.15,100,100
2026-08-31 19:48:00+00:00,GOOGL,338.84,338.88,40,80
2026-08-31 19:48:00+00:00,JPM,355.92,356.1,80,80
2026-08-31 19:48:00+00:00,META,571.0,577.58,80,80
2026-08-31 19:48:00+00:00,MSFT,509.77,510.19,40,40
2026-08-31 19:48:00+00:00,NVDA,219.4,219.59,100,100
2026-08-31 19:48:00+00:00,TSLA,365.3,367.0,120,80
2026-08-31 19:48:00+00:00,UNH,372.61,390.96,40,80
2026-08-31 19:48:00+00:00,XOM,160.86,161.59,100,100
2026-08-31 19:49:00+00:00,AAPL,316.65,316.8,160,40
2026-08-31 19:49:00+00:00,AMZN,258.61,259.48,100,300
2026-08-31 19:49:00+00:00,GOOGL,338.87,338.97,120,40
2026-08-31 19:49:00+00:00,JPM,356.05,356.19,40,40
2026-08-31 19:49:00+00:00,META,573.55,577.58,40,80
2026-08-31 19:49:00+00:00,MSFT,509.99,512.0,40,40
2026-08-31 19:49:00+00:00,NVDA,219.51,219.58,100,100
2026-08-31 19:49:00+00:00,TSLA,366.4,367.0,40,80
2026-08-31 19:49:00+00:00,UNH,390.81,391.31,80,40
2026-08-31 19:49:00+00:00,XOM,158.01,160.64,500,100
2026-08-31 19:50:00+00:00,AAPL,316.68,316.76,40,80
2026-08-31 19:50:00+00:00,AMZN,260.54,261.04,100,100
2026-08-31 19:50:00+00:00,GOOGL,339.94,340.0,40,40
2026-08-31 19:50:00+00:00,JPM,354.0,357.62,120,320
2026-08-31 19:50:00+00:00,META,573.73,574.22,40,40
2026-08-31 19:50:00+00:00,MSFT,508.85,509.05,120,160
2026-08-31 19:50:00+00:00,NVDA,220.03,220.14,500,200
2026-08-31 19:50:00+00:00,TSLA,367.94,368.2,40,80
2026-08-31 19:50:00+00:00,UNH,372.61,405.18,40,40
2026-08-31 19:50:00+00:00,XOM,160.51,161.58,100,100
2026-08-31 19:51:00+00:00,AAPL,316.08,316.99,40,40
2026-08-31 19:51:00+00:00,AMZN,260.41,260.44,100,100
2026-08-31 19:51:00+00:00,GOOGL,338.56,340.4,80,40
2026-08-31 19:51:00+00:00,JPM,355.95,356.11,40,80
2026-08-31 19:51:00+00:00,META,573.77,577.58,40,80
2026-08-31 19:51:00+00:00,MSFT,509.14,509.25,80,200
2026-08-31 19:51:00+00:00,NVDA,220.19,220.25,500,200
2026-08-31 19:51:00+00:00,TSLA,367.9,368.4,80,40
2026-08-31 19:51:00+00:00,UNH,389.41,405.18,40,40
2026-08-31 19:51:00+00:00,XOM,158.16,161.56,100,100
2026-08-31 19:52:00+00:00,AAPL,316.97,317.0,80,80
2026-08-31 19:52:00+00:00,AMZN,260.17,260.21,100,100
2026-08-31 19:52:00+00:00,GOOGL,338.57,339.96,40,80
2026-08-31 19:52:00+00:00,JPM,355.81,357.62,40,320
2026-08-31 19:52:00+00:00,META,573.77,574.38,120,40
2026-08-31 19:52:00+00:00,MSFT,509.13,509.2,40,40
2026-08-31 19:52:00+00:00,NVDA,220.39,220.5,100,100
2026-08-31 19:52:00+00:00,TSLA,365.3,369.0,80,80
2026-08-31 19:52:00+00:00,UNH,389.56,389.91,40,40
2026-08-31 19:52:00+00:00,XOM,158.16,161.56,100,100
2026-08-31 19:53:00+00:00,AAPL,316.79,316.81,40,120
2026-08-31 19:53:00+00:00,AMZN,259.59,260.0,200,100
2026-08-31 19:53:00+00:00,GOOGL,339.56,339.57,40,40
2026-08-31 19:53:00+00:00,JPM,355.85,357.62,40,320
2026-08-31 19:53:00+00:00,META,574.52,577.58,80,80
2026-08-31 19:53:00+00:00,MSFT,508.98,509.08,40,80
2026-08-31 19:53:00+00:00,NVDA,220.28,220.31,600,200
2026-08-31 19:53:00+00:00,TSLA,365.3,368.45,80,40
2026-08-31 19:53:00+00:00,UNH,372.61,389.78,40,40
2026-08-31 19:53:00+00:00,XOM,158.01,161.56,500,100
2026-08-31 19:54:00+00:00,AAPL,316.9,316.97,80,40
2026-08-31 19:54:00+00:00,AMZN,260.24,261.59,200,100
2026-08-31 19:54:00+00:00,GOOGL,339.84,340.11,40,120
2026-08-31 19:54:00+00:00,JPM,355.89,355.95,40,80
2026-08-31 19:54:00+00:00,META,571.0,577.58,80,80
2026-08-31 19:54:00+00:00,MSFT,505.78,512.0,40,40
2026-08-31 19:54:00+00:00,NVDA,220.63,220.87,100,100
2026-08-31 19:54:00+00:00,TSLA,368.3,369.0,80,80
2026-08-31 19:54:00+00:00,UNH,389.62,405.18,80,40
2026-08-31 19:54:00+00:00,XOM,158.01,167.84,500,100
2026-08-31 19:55:00+00:00,AAPL,316.03,316.35,40,80
2026-08-31 19:55:00+00:00,AMZN,260.71,261.56,100,100
2026-08-31 19:55:00+00:00,GOOGL,339.74,339.86,40,40
2026-08-31 19:55:00+00:00,JPM,356.18,356.36,80,40
2026-08-31 19:55:00+00:00,META,571.96,577.58,80,80
2026-08-31 19:55:00+00:00,MSFT,506.59,506.81,40,40
2026-08-31 19:55:00+00:00,NVDA,220.52,220.57,200,200
2026-08-31 19:55:00+00:00,TSLA,367.0,368.38,560,40
2026-08-31 19:55:00+00:00,UNH,389.32,405.18,40,40
2026-08-31 19:55:00+00:00,XOM,158.03,161.58,100,100
2026-08-31 19:56:00+00:00,AAPL,316.79,316.82,80,80
2026-08-31 19:56:00+00:00,AMZN,260.45,260.54,100,100
2026-08-31 19:56:00+00:00,GOOGL,339.64,339.69,160,40
2026-08-31 19:56:00+00:00,JPM,354.0,356.08,120,40
2026-08-31 19:56:00+00:00,META,572.33,578.59,80,80
2026-08-31 19:56:00+00:00,MSFT,506.93,512.0,40,40
2026-08-31 19:56:00+00:00,NVDA,220.67,220.69,700,300
2026-08-31 19:56:00+00:00,TSLA,367.0,368.72,80,40
2026-08-31 19:56:00+00:00,UNH,372.61,405.18,40,40
2026-08-31 19:56:00+00:00,XOM,158.06,161.55,100,100
2026-08-31 19:57:00+00:00,AAPL,316.9,316.93,160,80
2026-08-31 19:57:00+00:00,AMZN,260.04,260.11,100,100
2026-08-31 19:57:00+00:00,GOOGL,338.56,339.66,80,40
2026-08-31 19:57:00+00:00,JPM,356.09,357.62,40,320
2026-08-31 19:57:00+00:00,META,571.0,578.59,80,80
2026-08-31 19:57:00+00:00,MSFT,506.8,507.04,40,40
2026-08-31 19:57:00+00:00,NVDA,220.52,220.61,700,100
2026-08-31 19:57:00+00:00,TSLA,367.0,367.72,80,80
2026-08-31 19:57:00+00:00,UNH,389.79,390.02,40,40
2026-08-31 19:57:00+00:00,XOM,151.17,161.59,100,100
2026-08-31 19:58:00+00:00,AAPL,316.97,316.99,40,80
2026-08-31 19:58:00+00:00,AMZN,259.86,260.31,100,100
2026-08-31 19:58:00+00:00,GOOGL,339.4,339.47,240,120
2026-08-31 19:58:00+00:00,JPM,354.0,356.2,120,40
2026-08-31 19:58:00+00:00,META,570.63,572.41,80,80
2026-08-31 19:58:00+00:00,MSFT,506.8,507.35,40,160
2026-08-31 19:58:00+00:00,NVDA,220.78,220.87,100,100
2026-08-31 19:58:00+00:00,TSLA,367.0,367.99,200,40
2026-08-31 19:58:00+00:00,UNH,372.61,405.18,40,80
2026-08-31 19:58:00+00:00,XOM,151.14,161.59,100,100
2026-08-31 19:59:00+00:00,AAPL,313.63,317.99,40,40
2026-08-31 19:59:00+00:00,AMZN,258.08,261.62,100,100
2026-08-31 19:59:00+00:00,GOOGL,338.57,339.78,40,40
2026-08-31 19:59:00+00:00,JPM,354.0,375.53,120,40
2026-08-31 19:59:00+00:00,META,565.22,580.0,80,40
2026-08-31 19:59:00+00:00,MSFT,484.75,513.6,40,40
2026-08-31 19:59:00+00:00,NVDA,219.1,221.32,100,100
2026-08-31 19:59:00+00:00,TSLA,367.0,369.66,80,560
2026-08-31 19:59:00+00:00,UNH,372.61,413.18,40,40
2026-08-31 19:59:00+00:00,XOM,160.92,161.58,100,100
